<?xml version="1.0" encoding="UTF-8"?>
<!DOCTYPE vals
  SYSTEM "dimlex.dtd">
<vals><!--
        konnadv (adverb),
        padv    (adverb with prepositional part),
        konj    (coordinating conjunction), 'und'
        subj    (subordinating conjunction), 'weil', 'obwohl' (requires verb-final complement, can be moved in matrix clause)
        v2emb   (v2-embedder), 'vorausgesetzt' (V2 complement, but embedded clause can be moved in matrix)
        postp   (postponer), 'weshalb' (verb-final complement, cannot be moved in matrix clause)
        appr    (preposition), 'anstatt'
        appo    (postposition), 'wegen'
        apci    (circumposition), 'um ... willen'
        einzel  (isolated) 'dass'
        -->
   <syn-cats>
      <cat name="konnadv"/>
      <cat name="padv"/>
      <cat name="subj"/>
      <cat name="einzel"/>
      <cat name="postp"/>
      <cat name="v2emb"/>
      <cat name="praep"/>
      <cat name="apci"/>
      <cat name="konj"/>
      <cat name="padv&#xA;      "/>
      <cat name="appo"/>
      <cat name="coordconj"/>
   </syn-cats>
   <!--
        KON     nebenordnende Konjunktion   und, oder, aber
        ADV     Adverb  schon, bald, doch
        APPR    Präposition; Zirkumposition links   in [der Stadt], ohne [mich]
        KOUI    unterordnende Konjunktion mit (zu-)Infinitiv    um [zu leben], anstatt [zu fragen]
        XXX         anstelle dessen
        PAV     Pronominaladverb	dafür, dabei, deswegen, trotzdem (=PROAV)
        KOUS    unterordnende Konjunktion   weil, dass, damit, wenn, ob
        PROAV   Pronominaladverb 
        PWAV    adverbiales Interrogativpronomen    warum, wo, wann, worüber, wobei
        -->
   <stts-types>
      <type name="KON"/>
      <type name="ADV"/>
      <type name="APPR"/>
      <type name="KOUI"/>
      <type name="PAV"/>
      <type name="KOUS"/>
      <type name="PROAV"/>
      <type name="PWAV"/>
   </stts-types>
   <relations>
            | 
            | asynchronous-precedence
            | asynchronous-succession
            | cause-reason
            | cause-result
            | concession-arg1-as-denier
            | concession-arg2-as-denier
            | condition-arg1-as-consequence
            | condition-arg1-as-consequent
            | condition-arg2-as-consequent
            | conjunction
            | contrast
            | disjunction
            | equivalence
            | exception-arg1-as-except
            | exception-arg2-as-except
            | instantiation
            | manner-arg1-as-manner
            | manner-arg2-as-manner
            | negative-condition-arg1-as-consequent
            | negative-condition-arg2-as-consequent
            | purpose-arg1-as-goal
            | purpose-arg2-as-goal
            | similarity
            | specification
            | specification-arg1-as-detail
            | specification-arg2-as-detail
            | substitution-arg1-as-subst
            | substitution-arg2-as-subst
            | synchronous</relations>
</vals>
