<?xml version="1.0" encoding="UTF-8"?>
<!DOCTYPE vals
  SYSTEM "dimlex.dtd">
<vals><!--
        konnadv (adverb),
        padv    (adverb with prepositional part),
        konj    (coordinating conjunction), 'und'
        subj    (subordinating conjunction), 'weil', 'obwohl' (requires verb-final complement, can be moved in matrix clause)
        v2emb   (v2-embedder), 'vorausgesetzt' (V2 complement, but embedded clause can be moved in matrix)
        postp   (postponer), 'weshalb' (verb-final complement, cannot be moved in matrix clause)
        appr    (preposition), 'anstatt'
        appo    (postposition), 'wegen'
        apci    (circumposition), 'um ... willen'
        einzel  (isolated) 'dass'
        -->
   <syn-cats>
      <cat name="prep"/>
      <cat name="csu"/>
      <cat name="cco"/>
      <cat name="verb"/>
      <cat name="adv"/>
      <cat name="unknown"/>
      <cat name="noun"/>
   </syn-cats>
   <!--
        KON     nebenordnende Konjunktion   und, oder, aber
        ADV     Adverb  schon, bald, doch
        APPR    Präposition; Zirkumposition links   in [der Stadt], ohne [mich]
        KOUI    unterordnende Konjunktion mit (zu-)Infinitiv    um [zu leben], anstatt [zu fragen]
        XXX         anstelle dessen
        PAV     Pronominaladverb	dafür, dabei, deswegen, trotzdem (=PROAV)
        KOUS    unterordnende Konjunktion   weil, dass, damit, wenn, ob
        PROAV   Pronominaladverb 
        PWAV    adverbiales Interrogativpronomen    warum, wo, wann, worüber, wobei
        -->
   <stts-types/>
   <relations>
            | COMPARISON:Concession:Arg1-as-denier
            | COMPARISON:Contrast
            | COMPARISON:Similarity
            | CONTINGENCY:Cause+belief:Reason
            | CONTINGENCY:Cause:Reason
            | CONTINGENCY:Cause:Result
            | CONTINGENCY:Condition:Arg2-as-condition
            | CONTINGENCY:Purpose:Arg2-as-goal
            | EXPANSION:Conjunction
            | EXPANSION:Disjunction
            | EXPANSION:Equivalence
            | EXPANSION:Instantiation
            | EXPANSION:Manner
            | EXPANSION:Specification
            | EXPANSION:Specification:Arg2-as-detail
            | EXPANSION:Substitution
            | TEMPORAL:Asynchronous
            | TEMPORAL:Asynchronous:Precedence
            | TEMPORAL:Asynchronous:Succession
            | TEMPORAL:Synchronous</relations>
</vals>
