<?xml version="1.0" encoding="UTF-8"?><lico>
  <entry id="1">
    <orth type="cont">
     <part type="phrasal">a causa di</part>
    </orth>
    <syn type="prepositional">
      <sem>
        <coh-relation>CONTINGENCY:Cause:reason</coh-relation>
        <example>A causa del maltempo il St. Gotthard è rimasto chiuso.</example>
        <example>Una chiusura a causa del maltempo verrà presa in considerazione.</example>
      </sem>
    </syn>
    <commento>DimLex.xml/id="k19"</commento>
    <commento>DimLex.xml/id="k21"</commento>
    <commento>DimLex.xml/id="k160"</commento>
  </entry>
  <entry id="2">
    <orth type="cont">
      <part type="phrasal">a condizione che</part>
    </orth>
    <syn type="subordinating">
      <sem>
        <coh-relation>CONTINGENCY:Condition</coh-relation>
        <example>Oggi usciamo, a condizione che venga Hans.</example>
        <example>Vuole restare all'istituto a condizione che ottenga il posto di assistente.</example>
      </sem>
    </syn>
    <commento>DimLex.xml/id="k133"</commento>
  </entry>
  <entry id="3">
    <orth type="cont">
      <part type="phrasal">a dire il vero</part>
    </orth>
    <syn type="adverbial">
      <sem>
        <coh-relation>COMPARISON:Concession:Arg2-as-denier</coh-relation>
       <example/> 
	   </sem>
    </syn>
    <commento>DimLex.xml/id="k5"</commento>
  </entry>
  <entry id="4">
    <orth type="cont">
      <part type="phrasal" var="lex">a dire la verità</part>
    </orth>
	    <orth type="cont">
      <part type="phrasal" var="lex">in verità</part>
    </orth>
	    <orth type="cont">
      <part type="phrasal" var="lex">per la verità</part>
    </orth>
    <syn type="adverbial">
      <sem>
        <coh-relation>COMPARISON:Concession:Arg2-as-denier</coh-relation>
        <example/>
      </sem>
    </syn>
    <commento/>
  </entry>
  <entry id="5">
    <orth type="cont">
      <part type="phrasal">a dispetto di</part>
    </orth>
    <syn type="subordinating">
      <sem>
        <coh-relation>COMPARISON:Concession:Arg1-as-denier</coh-relation>
        <example>Ci andiamo a dispetto del maltempo.</example>
        <example>Una seconda Pantherin ha lavorato fino al 67 anno di età, per acquisire, a dispetto della bassa paga oraria, una pensione.</example>
        <example>A dispetto del gran caldo estivo, il riscaldamento va a pieno regime.</example>
      </sem>
    </syn>
    <commento>DimLex.xml/id="k142"</commento>
  </entry>
  <entry id="6">
    <orth type="cont">
     <part type="phrasal" var="lex">a meno che</part>
    </orth>
	    <orth type="cont">
      <part type="phrasal" var="lex">a meno di</part>
    </orth>
    <syn type="subordinating">
      <sem>
        <coh-relation>CONTINGENCY:Negative-Condition:Arg2-as-negcond</coh-relation>
        <example>In caso di divorzio la madre ottiene l'affidamento dei minori, a meno che il giudice non decida altrimenti.</example>
        <example>Domani vado in montagna, a meno che il tempo non faccia brutti scherzi.</example>
        <example>Oggi usciamo, a meno che Hans venga.</example>
        <example>Vuole restare all'istituto, a meno che non ottenga il posto di assistente.</example>
        <example>A meno che tu non abbia niente di meglio in programma, vieni al cinema domani?</example>
      </sem>
    </syn>
    <commento>DimLex.xml/id="k24"/coh-relation=contrast</commento>
    <commento>DimLex.xml/id="k133"/coh-relation=condition</commento>
  </entry>
  <entry id="7">
    <orth type="cont">
     <part type="phrasal">a onor del vero</part>
    </orth>
    <syn type="adverbial">
      <sem>
        <coh-relation>COMPARISON:Concession:Arg2-as-denier</coh-relation>
        <example/>
      </sem>
    </syn>
    <commento/>
  </entry>
  <entry id="8">
    <orth type="cont">
     <part type="phrasal">a tal fine</part>
    </orth>
    <syn type="coodinating">
      <sem>
        <coh-relation>CONTINGENCY:Purpose:Arg1-as-goal</coh-relation>
        <example/>
      </sem>
    </syn>
    <commento>DimLex.xml/id="k35"</commento>
  </entry>
  <entry id="9">
    <orth type="cont">
     <part type="phrasal" var="lex">ad esempio</part>
    </orth>
    <orth type="cont">
     <part type="phrasal" var="lex">per esempio</part>
    </orth>
    <syn type="coodinating">
      <sem>
        <coh-relation>EXPANSION:Instantiation</coh-relation>
        <example/>
      </sem>
    </syn>
    <commento/>
  </entry>
  <entry id="10">
    <orth type="cont">
     <part type="phrasal" var="lex">ad ogni modo</part>
    </orth>
    <orth type="cont">
     <part type="phrasal" var="lex">in ogni modo</part>
    </orth>
    <syn type="adverbial">
      <sem>
        <coh-relation>COMPARISON:Concession:Arg2-as-denier</coh-relation>
        <example/>
      </sem>
    </syn>
    <commento/>
  </entry>
  <entry id="11">
    <orth type="cont">
     <part type="single">affinché</part>
    </orth>
    <syn type="subordinating">
      <sem>
        <coh-relation>CONTINGENCY:Purpose:Arg2-as-goal</coh-relation>
        <example/>
      </sem>
    </syn>
    <commento/>
  </entry>
  <entry id="12">
    <orth type="cont">
      <part type="phrasal">al che</part> 
    </orth>
    <syn type="subordinating">
      <sem>
        <coh-relation>TEMPORAL:Asynchronous:precedence</coh-relation>
        <example>Il boxer incespicò impotente nella corda, al che l'arbitro interruppe l'incontro.</example>
        <example>Il fantino del cavallo favorito era caduto dalla sella, al che le migliaia di spettatori, che avevano scommesso sull'animale, andarono su tutte le furie.</example>
      </sem>
      <sem>
        <coh-relation>CONTINGENCY:Cause:result</coh-relation>
        <example>Il boxer incespicò impotente nella corda, al che l'arbitro interruppe l'incontro.</example>
        <example>Il fantino del cavallo favorito era caduto dalla sella, al che le migliaia di spettatori, che avevano scommesso sull'animale, andarono su tutte le furie.</example>
      </sem>
    </syn>
    <commento>DimLex.xml/id="k172"</commento>
  </entry>
  <entry id="13">
    <orth type="cont">
     <part type="phrasal">al contrario</part>
    </orth>
    <syn type="coodinating">
      <sem>
        <coh-relation>COMPARISON:Contrast</coh-relation>
        <example>Un imprenditore, che non ha ancora tagliato gole, non può essere chiamato strozzino. Al contrario un avvocato può indicare...</example>
      </sem>
      <sem>
        <coh-relation>COMPARISON:Concession:Arg2-as-denier</coh-relation>
        <example/>
      </sem>
    </syn>
    <commento>DimLex.xml/id="k38"</commento>
  </entry>
  <entry id="14">
    <orth type="cont">
     <part type="phrasal">al massimo</part>
    </orth>
    <syn type="coodinating">
      <sem>
        <coh-relation>EXPANSION:Exception:Arg2-as-excpt</coh-relation>
        <example/>
      </sem>
    </syn>
    <commento/>
  </entry>
  <entry id="15">
    <orth type="cont">
     <part type="phrasal">al posto di</part>
    </orth>
    <syn type="prepositional">
      <sem>
        <coh-relation>EXPANSION:Substitution:Arg1-as-subst</coh-relation>
        <example>Al posto di mandare i bambini, ha mandato il nonno.</example>
        <example>Al posto di venire, è rimasto a letto.</example>
      </sem>
    </syn>
    <commento>DimLex.xml/id="k13"</commento>
    <commento>DimLex.xml/id="k14"</commento>
  </entry>
  <entry id="16">
    <orth type="cont">
     <part type="phrasal">alla fin fine</part>
    </orth>
    <syn type="adverbial ">
      <sem>
        <coh-relation/>
        <example/>
      </sem>
    </syn>
    <commento/>
  </entry>
  <entry id="17">
    <orth type="cont">
     <part type="phrasal">alla fine</part>
    </orth>
    <syn type="prepositional">
      <sem>
        <coh-relation>TEMPORAL:Asynchronous:Precedence</coh-relation>
        <example/>
      </sem>
    </syn>
    <commento/>
  </entry>
  <entry id="18">
    <orth type="cont">
     <part type="phrasal" var="lex">allo scopo di</part>
    </orth>
	<orth type="cont">
     <part type="phrasal" var="lex">con lo scopo di</part>
    </orth>
    <syn type="adverbial">
      <sem>
        <coh-relation>CONTINGENCY:Purpose:Arg2-as-goal</coh-relation>
        <example/>
      </sem>
    </syn>
    <commento/>
  </entry>
  <entry id="19">
    <orth type="cont">
      <part type="phrasal">allo stesso modo</part>
    </orth>
    <syn type="prepositional">
      <sem>
        <coh-relation>COMPARISON:Similarity</coh-relation>
       <example/> 
	   </sem>
    </syn>
    <commento>DimLex.xml/id="k68"</commento>
  </entry>
  <entry id="20">
    <orth type="cont">
     <part type="single">allora</part>
    </orth>
    <syn type="coodinating">
      <sem>
        <coh-relation>TEMPORAL:Asynchronous:precedence</coh-relation>
        <example/>
      </sem>
      <sem>
        <coh-relation>CONTINGENCY:Cause:result</coh-relation>
        <example> Allora la radio ancora non c'era. Allora, gli abitanti di Heilbronn dovevano aspettare fino al lunedì successivo, per conoscere il segnale. </example>
        <example>Ho trovato sotto il ginocchio della gamba sinistra un'altra scottatura, allora lì il flusso deve aver di nuovo abbandonato il corpo.</example>
      </sem>
    </syn>
    <commento>DimLex.xml/id="k6"</commento>
    <commento>DimLex.xml/id="k43"</commento>
  </entry>
  <entry id="21">
    <orth type="cont">
     <part type="single">altrimenti</part>
    </orth>
    <syn type="coodinating">
      <sem>
        <coh-relation>CONTINGENCY:Negative-Condition:Arg1-as-negcond</coh-relation>
        <example>Il quindicenne deve sottomettersi, altrimenti viene colpito sul muso.</example>
      </sem>
    </syn>
    <commento>DimLex.xml/id="k8"</commento>
    <commento>DimLex.xml/id="k138"</commento>
  </entry>
  <entry id="22">
    <orth type="cont">
     <part type="single">anche</part>
    </orth>
    <syn type="subordinating">
      <sem>
        <coh-relation>EXPANSION:Conjunction</coh-relation>
        <example>Klaus non è ancora tornato. Si è anche perso l'allenamento.</example>   
      </sem>
      <sem>
        <coh-relation>COMPARISON:Concession:Arg1-as-denier</coh-relation>
        <example/>   
      </sem>
    </syn>
    <commento>DimLex.xml/id="k16"</commento>
  </entry>
  <entry id="23">
    <orth type="cont">
      <part type="phrasal">anche se</part>
    </orth>
    <syn type="subordinating">
      <sem>
        <coh-relation>COMPARISON:Concession:Arg1-as-denier</coh-relation>
        <example>Abbiamo perso, anche se ci eravamo preparati bene.</example>
        <example>Anche se piove, vado al parco.</example>
        <example>Vado al parco, anche se piove.</example>
      </sem>
    </syn>
    <commento>DimLex.xml/id="k115"</commento>
    <commento>DimLex.xml/id="k163"</commento>
  </entry>
  <entry id="24">
    <orth type="cont">
     <part type="single">anzi</part>
    </orth>
    <syn type="coodinating">
      <sem>
        <coh-relation>EXPANSION:Conjunction</coh-relation>
        <example>Sapevano di aver perso, anzi non c'era più possibilità di una vittoria.</example>  
      </sem>
    </syn>
    <commento>DimLex.xml/id="k29"</commento>
  </entry>
  <entry id="25">
    <orth type="cont">
     <part type="single">anziché</part>
    </orth>
    <syn type="coodinating">
      <sem>
        <coh-relation>EXPANSION:Substitution:Arg1-as-subst</coh-relation>
        <example/>
      </sem>
    </syn>
    <commento/>
  </entry>
  <entry id="26">
    <orth type="cont">
      <part type="single">benché</part>
    </orth>
    <syn type="subordinating">
      <sem>
        <coh-relation>COMPARISON:Concession:Arg1-as-denier</coh-relation>
        <example>Benché Greff fosse sposato, sembrava più un capo degli scout che un marito.</example>
      <example>Esercitava ancora molte funzioni, benché fosse sofferente.</example>
      </sem>
    </syn>
    <commento>DimLex.xml/id="k113"</commento>
    <commento>DimLex.xml/id="k114"</commento>
    <commento>DimLex.xml/id="k115"</commento>
    <commento>DimLex.xml/id="k116"</commento>
    <commento>DimLex.xml/id="k164"</commento>
  </entry>
  <entry id="27">
    <orth type="cont">
      <part type="single">bensì</part>
    </orth>
    <syn type="subordinating">
      <sem>
        <coh-relation>COMPARISON:Contrast</coh-relation>
        <example>Con la vincita del lotto non ha comprato nessuna auto, bensì ha fatto più viaggi all'estero.</example>
        <example>Non prese la decisione con leggerezza, bensì ci pensò molto sopra.</example>
        <example>Non rimase nemmeno per voltarsi a guardare, bensì corse più veloce che poteva fino all'angolo successivo.</example>
      </sem>
    </syn>
    <commento>DimLex.xml/id="k137"</commento>
  </entry>
  <entry id="28">
    <orth type="cont">
     <part type="single">cioè</part>
    </orth>
    <syn type="subordinating">
      <sem>
        <coh-relation>EXPANSION:Equivalence</coh-relation>
        <example>Sapevano di aver perso, cioè non c'era più possibilità di una vittoria.</example>
        <coh-relation>reformulation</coh-relation>
        <example>Dovresti leggere quel libro, cioè, dovresti averlo almeno nella libreria.</example>
        <example>Per lo sbarramento del fiume dal prato lungo l'Oberrhein tra Basel e Iffezheim c'erano 130 chilometri quadrati, cioè circa il 60 percento della già esistente superficie alluvionata è persa.</example>  
      </sem>
    </syn>
    <commento>DimLex.xml/id="k29"/coh-relation=addition</commento>
    <commento>DimLex.xml/id="k49"/coh-relation=reformulation</commento>
    <commento>DimLex.xml/id="k110"/coh-relation=addition</commento>
  </entry>
  <entry id="29">
    <orth type="cont">
      <part type="phrasal" var="orth">cionondimeno</part>
    </orth>
    <orth type="cont">
      <part type="phrasal" var="orth">ciò nondimeno</part>
    </orth>
    <syn type="coodinating">
      <sem>
        <coh-relation>COMPARISON:Concession:Arg2-as-denier</coh-relation>
       <example/>
	   </sem>
    </syn>
    <commento>DimLex.xml/id="k58"</commento>
  </entry>
  <entry id="30">
    <orth type="cont">
      <part type="phrasal" var="orth">ciononostante</part>
    </orth>
    <orth type="cont">
      <part type="phrasal" var="orth">nonostante ciò</part>
    </orth>
    <orth type="cont">
      <part type="phrasal" var="orth">ciò nonostante</part>
    </orth>
    <syn type="coodinating">
      <sem>
        <coh-relation>COMPARISON:Concession:Arg2-as-denier</coh-relation>
        <example>Entrambe le pagine annunciavano un secondo incontro per martedì. Ciononostante le lotte nei campi andarono avanti anche il lunedì.</example>
        <example>Adesso la procura della repubblica ha ordinato la restituzione dell'esemplare confiscato. Ciononostante l'istruttoria contro la casa editrice prosegue.</example>
        <example>Lui non ha valutato correttamente la situazione della politica interna nella sua patria. Ciononostante è ritornato da quella parte in ogni caso.</example>      
      </sem>
    </syn>
    <commento>DimLex.xml/id="k62"</commento>
    <commento>DimLex.xml/id="k78"</commento>
    <commento>DimLex.xml/id="k107"</commento>
    <commento>DimLex.xml/id="k143"</commento>
  </entry>
  <entry id="31">
    <orth type="cont">
      <part type="single">come</part> 
    </orth>
    <syn type="subordinating">
      <sem>
 	<coh-relation>TEMPORAL:Syncrony</coh-relation>
        <example>Come i bambini videro il pupazzo di neve, corsero da lui.</example>
        <example>Entrambi i gatti le si precipitarono contro, come lei aprì la porta.</example>
        <coh-relation>addition</coh-relation>
		<example/>
      </sem>
    </syn>
    <commento>DimLex.xml/id="k167"</commento>
  </entry>
  <entry id="32">
    <orth type="cont">
      <part type="phrasal">come conseguenza</part> 
    </orth>
    <syn type="coodinating">
      <sem>
        <coh-relation>TEMPORAL:Asynchronous:precedence</coh-relation>
        <example>Il boxer incespicò impotente nella corda, come conseguenza l'arbitro interruppe l'incontro.</example>
        <example>Il fantino del cavallo favorito era caduto dalla sella, come conseguenza le migliaia di spettatori, che avevano scommesso sull'animale, andarono su tutte le furie.</example>
      </sem>
      <sem>
        <coh-relation>CONTINGENCY:Cause:result</coh-relation>
        <example>Il boxer incespicò impotente nella corda, come conseguenza l'arbitro interruppe l'incontro.</example>
        <example>Il fantino del cavallo favorito era caduto dalla sella, come conseguenza le migliaia di spettatori, che avevano scommesso sull'animale, andarono su tutte le furie.</example>
      </sem>
    </syn>
  </entry>
  <entry id="33">
    <orth type="cont">
      <part type="single">comunque</part>
    </orth>
    <syn type="subordinating">
      <sem>
        <coh-relation>EXPANSION:Conjunction</coh-relation>
        <example>Per me il Marocco d'estate è troppo caldo. Comunque ho paura di volare.</example>
        <example>Chi in quei giorni criticava gli espugnatori russi della Cecenia, correva il rischio, di rendersi antipatico. Comunque era certo che Putin avrebbe vinto la seconda votazione.</example>
     </sem>
      <sem>
        <coh-relation>COMPARISON:Concession:Arg2-as-denier</coh-relation>
        <example/>
      </sem>
    </syn>
    <commento>DimLex.xml/id="k119"</commento>
  </entry>
  <entry id="34">
    <orth type="cont">
      <part type="phrasal" var="lex">con ciò</part>
    </orth>
	    <orth type="cont">
      <part type="phrasal" var="lex">con questo</part>
    </orth>
    <syn type="subordinating">
      <sem>
        <coh-relation>consequence</coh-relation>
        <example>La compagnia telefonica Talkline respingeva l'ufficio di regolazione per le telecomunicazioni e le poste. Con ciò fu stabilita la posizione di monopolio della Telecom e criticata la Talkline.</example>
        <example>Questo petrolio fu raffinato e venduto in Europa come benzina; con ciò in alcuni anni un terzo è entrato nella valuta estera.</example>
        <example>Il gruppo industriale vendette il settore del carbone, rottami metallici e logistica. Con ciò il numero dei posti diminuì di 10 000.</example>
      </sem>
    </syn>
    <commento>DimLex.xml/id="k83"</commento>
  </entry>
  <entry id="35">
    <orth type="cont">
      <part type="phrasal">con tutto questo</part>
    </orth>
    <syn type="coodinating">
      <sem>
        <coh-relation>COMPARISON:Concession:Arg2-as-denier</coh-relation>
        <example/>
      </sem>
    </syn>
    <commento/>
  </entry>
  <entry id="36">
    <orth type="cont">
      <part type="phrasal">contrariamente a</part>
    </orth>
    <syn type="prepositional">
      <sem>
        <coh-relation>COMPARISON:Contrast</coh-relation>
        <example>Contrariamente all'attuale ipotesi, alcune molecole di principi attivi non vengono del tutto distrutte durante la cottura.</example>
      </sem>
    </syn>
    <commento>DimLex.xml/id="k69"</commento>
  </entry>
  <entry id="37">
    <orth type="cont">
      <part type="single">contuttociò</part>
    </orth>
    <syn type="prepositional">
      <sem>
        <coh-relation/>
        <example/>
      </sem>
    </syn>
    <commento/>
  </entry>
  <entry id="38">
    <orth type="cont">
      <part type="single">così</part>
    </orth>
    <syn type="prepositional">
      <sem>
        <coh-relation>CONTINGENCY:Cause:result</coh-relation>
        <example>La compagnia telefonica Talkline respingeva l'ufficio di regolazione per le telecomunicazioni e le poste. Così fu stabilita la posizione di monopolio della Telecom e criticata la Talkline.</example>
        <example>Questo petrolio fu raffinato e venduto in Europa come benzina; così in alcuni anni un terzo è entrato nella valuta estera.</example>
        <example>Il gruppo industriale vendette il settore del carbone, rottami metallici e logistica. Così il numero dei posti diminuì di 10 000.</example>
      </sem>
    </syn>
    <commento>DimLex.xml/id="k83"/coh-relation=consequence</commento>
    <commento>DimLex.xml/id="k172"/coh-relation=successive</commento>
  </entry>
  <entry id="39">
    <orth type="cont">
      <part type="single" var="orth">così che</part>
    </orth>
	    <orth type="cont">
      <part type="single" var="orth">cosicché</part>
    </orth>
    <syn type="prepositional">
      <sem>
        <coh-relation>CONTINGENCY:Cause:result</coh-relation>
        <example>Il bambino aveva la febbre, così che doveva restare a letto.</example>
      </sem>
    </syn>
    <commento>DimLex.xml/id="k131"</commento>
  </entry>
  <entry id="40">
    <orth type="cont">
      <part type="phrasal">da allora</part>
    </orth>
    <syn type="coodinating">
      <sem>
        <coh-relation>TEMPORAL:Asynchronous:precedence</coh-relation>
        <example>Il vulcano è ritornato attivo l'estate scorsa. Da allora sputa  ripetutamente cenere e vapore.</example>
        <example>Nel 1948 andarono per la prima volta a Bruegge. Da allora ci vanno quasi tutti gli anni.</example>
        <example>Suo fratello lo ha portato alla stazione di Heidelberger. Da allora manca e non si è più fatto sentire.</example>
      </sem>
      <sem>
        <coh-relation>CONTINGENCY:Cause:result</coh-relation>
		<example/>
      </sem>
    </syn>
    <commento>DimLex.xml/id="k124"</commento>
    <commento>DimLex.xml/id="k125"</commento>
  </entry>
  <entry id="41">
    <orth type="cont">
      <part type="phrasal">da ciò</part>
    </orth>
    <syn type="coodinating">
      <sem>
        <coh-relation>CONTINGENCY:Cause:result</coh-relation>
        <example>La compagnia telefonica Talkline respingeva l'ufficio di regolazione per le telecomunicazioni e le poste. Da ciò fu stabilita la posizione di monopolio della Telecom e criticata la Talkline.</example>
        <example>Il gruppo industriale vendette il settore del carbone, rottami metallici e logistica. Da ciò il numero dei posti diminuì di 10 000.</example>
      </sem>
    </syn>
    <commento>DimLex.xml/id="k83"</commento>
  </entry>
  <entry id="42">
    <orth type="cont">
      <part type="phrasal">da quando</part>
    </orth>
    <syn type="CLASSE">
      <sem>
        <coh-relation>TEMPORAL:Asynchronous:succession</coh-relation>
        <example>Da quando conosco le Alpi, voglio sempre tornare là.</example>
        <example>Voglio sempre tornare alle Alpi da quando le conosco.</example>
      </sem>
    </syn>
    <commento>DimLex.xml/id="k123"</commento>
  </entry>
  <entry id="43">
    <orth type="cont">
      <part type="phrasal">da ultimo</part>
    </orth>
    <syn type="coodinating">
      <sem>
        <coh-relation>TEMPORAL:Asynchronous:precedence</coh-relation>
        <example/>
      </sem>
    </syn>
    <commento/>
  </entry>
 <entry id="44">
    <orth type="discont">
     <part type="phrasal">da un canto</part>
     <part type="phrasal">dall'altro</part>
    </orth>
    <syn type="CLASSE">
      <sem>
        <coh-relation>COMPARISON:Contrast</coh-relation>
        <example/>
      </sem>
    </syn>
    <commento>DimLex.xml/id="k7"</commento>
  </entry>
  <entry id="45">
    <orth type="discont">
     <part type="phrasal">da un lato</part>
     <part type="phrasal">dall'altro lato</part>
    </orth>
    <syn type="CLASSE">
      <sem>
        <coh-relation>COMPARISON:Contrast</coh-relation>
        <example>Sabeth non credeva che io avessi capito qualcosa, e aveva da un lato una fiducia smisurata in me, dall'altra parte assolutamente nessun rispetto.</example>
        <example>Il legislatore dimostra da un lato apparente durezza, ma dall'altro lato non fa male a nessuno.</example>
      </sem>
    </syn>
    <commento>DimLex.xml/id="k7"</commento>
  </entry>
  <entry id="46">
    <orth type="cont">
     <part type="phrasal">da una parte</part>
    </orth>
    <orth type="discont">
     <part type="phrasal">da una parte</part>
     <part type="phrasal">dall'altra parte</part>
    </orth>
    <orth type="discont">
     <part type="phrasal">da una parte</part>
     <part type="phrasal">dall'altra</part>
    </orth>
    <syn type="CLASSE">
      <sem>
        <coh-relation>COMPARISON:Contrast</coh-relation>
        <example>Sabeth non credeva che io avessi capito qualcosa, e aveva da una parte una fiducia smisurata in me, dall'altra parte assolutamente nessun rispetto.</example>
        <example>Il legislatore dimostra da una parte apparente durezza, ma dall'altro lato non fa male a nessuno.</example>
        </sem>
    </syn>
    <commento>DimLex.xml/id="k7"</commento>
  </entry>
  <entry id="47">
    <orth type="cont">
     <part type="phrasal">dal momento che</part>
    </orth>
    <syn type="coodinating">
      <sem>
        <coh-relation>CONTINGENCY:Cause:reason</coh-relation>
        <example>Dal momento che la cantante è malata, il concerto non può avere luogo.</example>
        <example>Quel luogo è molto tranquillo, dal momento che si trova lontano dalle grandi strade.</example> 
      </sem>
    </syn>
    <commento>DimLex.xml/id="k30"</commento>
  </entry>
    <entry id="48">
    <orth type="cont">
      <part type="phrasal">d'altra parte</part>
    </orth>
    <syn type="coodinating">
      <sem>
        <coh-relation>contrast</coh-relation>
       <example>'La letteratura africana è una performance', spiegò Hove. La letteratura europea è d'altra parte un esercizio intellettuale.</example>
     </sem>
    </syn>
    <commento>DimLex.xml/id="k53"</commento>
  </entry>
  <entry id="49">
    <orth type="cont">
      <part type="phrasal">d'altro lato</part>
    </orth>
    <syn type="coodinating">
      <sem>
        <coh-relation/>
        <example/>
      </sem>
    </syn>
    <commento/>
  </entry>
   <entry id="50">
    <orth type="cont">
     <part type="phrasal">del resto</part>
    </orth>
    <syn type="subordinating">
      <sem>
        <coh-relation>CONTINGENCY:Cause:result</coh-relation>
        <example/>
      </sem>
    </syn>
  </entry> 
  <entry id="51">
    <orth type="cont">
     <part type="phrasal">di conseguenza</part>
    </orth>
    <syn type="subordinating">
      <sem>
        <coh-relation>CONTINGENCY:Cause:result</coh-relation>
        <example>Non aveva ancora mangiato. Di conseguenza si sentiva indebolita.</example>
        <example>Non aveva ancora mangiato e di conseguenza si sentiva indebolita.</example>
      </sem>
    </syn>
    <commento>DimLex.xml/id="k39"</commento>
    <commento>DimLex.xml/id="k103"</commento>
    <commento>DimLex.xml/id="k135"</commento>
  </entry>
  <entry id="52">
    <orth type="cont">
      <part type="phrasal">di fatto</part>
    </orth>
    <syn type="adverbial">
      <sem>
        <coh-relation/>
        <example/>
      </sem>
    </syn>
    <commento/>
  </entry>
  <entry id="53">
    <orth type="cont">
      <part type="phrasal" var="orth,lex">di modo che</part>
    </orth>
    <orth type="cont">
      <part type="single" var="orth">dimodoché</part>
    </orth>
    <orth type="cont">
      <part type="phrasal" var="lex">in modo che</part>
    </orth>
    <orth type="cont">
      <part type="phrasal" var="lex">in modo da</part>
    </orth>
    <syn type="subordinating">
      <sem>
        <coh-relation>CONTINGENCY:Cause:result</coh-relation>
        <example/>
      </sem>
    </syn>
    <commento/>
  </entry>
  <entry id="54">
    <orth type="cont">
     <part type="single">dopo</part>
    </orth>
    <syn type="avverbio">
      <sem>
        <coh-relation>TEMPORAL:Asynchronous:precedence</coh-relation>
        <example>Scalfire i pomodori con un coltello affilato e annaffiare con acqua calda. Dopo si può spellarli senza problemi.</example>
       </sem>
    </syn>
    <commento>DimLex.xml/id="k41"</commento>
    <commento>DimLex.xml/id="k45"</commento>
    <commento>DimLex.xml/id="k86"</commento>
    <commento>DimLex.xml/id="k104"</commento>
  </entry>
  <entry id="55">
    <orth type="cont">
      <part type="phrasal" var="lex,orth">dopo di che</part> 
    </orth>
    <orth type="cont">
      <part type="single" var="orth">dopodiché</part> 
    </orth>
    <orth type="cont">
      <part type="phrasal" var="lex">dopo di ciò</part> 
    </orth>
    <syn type="coodinating">
      <sem>
        <coh-relation>TEMPORAL:Asynchronous:precedence</coh-relation>
        <example>Hanno camminato per cinque ore sotto la pioggerella minuta, dopodiché avevano tutti bisogno di un punch per riscaldarsi.</example>
      </sem>
    </syn>
    <commento>DimLex.xml/id="k170"</commento>
    <commento>DimLex.xml/id="k171"</commento>
  </entry>
  <entry id="56">
    <orth type="cont">
      <part type="single">dopotutto</part>
    </orth>
    <syn type="coodinating">
      <sem>
        <coh-relation/>
        <example/>
      </sem>
    </syn>
    <commento/>
  </entry>
  <entry id="57">
    <orth type="cont">
     <part type="single">dunque</part>
    </orth>
    <syn type="coodinating">
      <sem>
        <coh-relation>CONTINGENCY:Cause:result</coh-relation>
        <example> Allora la radio ancora non c'era. Dunque, gli abitanti di Heilbronn dovevano aspettare fino al lunedì successivo, per conoscere il segnale. </example>
        <example>Ho trovato sotto il ginocchio della gamba sinistra un'altra scottatura, dunque lì il flusso deve aver di nuovo abbandonato il corpo.</example>
      </sem>
    </syn>
    <commento>DimLex.xml/id="k6"/coh-relation=consequence</commento>
  </entry>
  <entry id="58">
    <orth type="cont">
      <part type="single">e</part>
    </orth>
    <syn type="coodinating">
      <sem>
        <coh-relation>EXPANSION:Conjunction</coh-relation>
        <example>Il sole brilla e gli uccelli cinguettano.</example>
        <example>In montagna c'è il sole e in pianura piove ancora.</example>
        <example>Carla ha un pullover verde e Janka ne ha uno rosso.</example>
      </sem>
      <sem>
        <coh-relation>TEMPORAL:Asynchronous:precedence</coh-relation>
        <example/>
      </sem>
    </syn>
    <commento>DimLex.xml/id="k149"</commento>
  </entry>
  <entry id="59">
    <orth type="cont">
      <part type="phrasal">ebbene</part>
    </orth>
    <syn type="coodinating">
      <sem>
        <coh-relation/>
        <example/>
      </sem>
    </syn>
    <commento/>
  </entry>
  <entry id="60">
    <orth type="cont">
     <part type="single">eccetto</part>
    </orth>
    <syn type="subordinating">
      <sem>
        <coh-relation>EXPANSION:Exception:Arg2-as-except</coh-relation>
        <example>In caso di divorzio la madre ottiene l'affidamento dei minori, eccetto che il giudice non decida altrimenti.</example>
        <example>Domani vado in montagna, eccetto che il tempo non faccia brutti scherzi.</example>
      </sem>
    </syn>
    <commento>DimLex.xml/id="k24"</commento>
  </entry>
  <entry id="61">
    <orth type="cont">
      <part type="single">eppure</part>
    </orth>
    <syn type="coodinating">
      <sem>
        <coh-relation>COMPARISON:Concession:Arg2-as-denier</coh-relation>
        <example>Oggi i gatti non hanno più un'utilità pratica come animali domestici. Eppure sono estremamente amati.</example>
        <example>In realtà per oggi era previsto bel tempo. Eppure piove a dirotto.</example>    
      </sem>
    </syn>
    <commento>DimLex.xml/id="k143"/coh-relation=concession</commento>
  </entry>
  <entry id="62">
    <orth type="cont">
      <part type="phrasal">fatto sta che</part>
    </orth>
    <syn type="coodinating">
      <sem>
        <coh-relation/>
        <example/>
      </sem>
    </syn>
    <commento/>
  </entry>
  <entry id="63">
    <orth type="cont">
      <part type="phrasal">fin qui</part>
    </orth>
    <syn type="coodinating">
      <sem>
        <coh-relation>EXPANSION:Conjunction</coh-relation>
        <example>Prima dell'elezione, il governo quanto l'opposizione, mettono in vista pesanti aumenti di assegni familiari e assegni di maternità. Fin qui non c'è nulla di nuovo.</example>
        <example>Il neonato pesava 2600 grammi per una lunghezza di 46 centimetri. Fin qui un abbastanza normale e gioioso avvenimento.</example>
        <example>Per agire contro la moria della foresta, resta solo la riduzione degli inquinanti. Fin qui i politici sono tutti d'accordo.</example>
      </sem>
    </syn>
    <commento>DimLex.xml/id="k139"</commento>
  </entry>
  <entry id="64">
    <orth type="cont">
      <part type="phrasal">fino a questo punto</part>
    </orth>
    <syn type="coodinating">
      <sem>
        <coh-relation>EXPANSION:Conjunction</coh-relation>
        <example>Prima dell'elezione, il governo quanto l'opposizione, mettono in vista pesanti aumenti di assegni familiari e assegni di maternità. Fino a questo punto non c'è nulla di nuovo.</example>
        <example>Il neonato pesava 2600 grammi per una lunghezza di 46 centimetri. Fino a questo punto un abbastanza normale e gioioso avvenimento.</example>
        <example>Per agire contro la moria della foresta, resta solo la riduzione degli inquinanti. Fino a questo punto i politici sono tutti d'accordo.</example>
      </sem>
    </syn>
    <commento>DimLex.xml/id="k139"</commento>
  </entry>
  <entry id="65">
    <orth type="cont">
      <part type="single">frattanto</part>
    </orth>
    <syn type="coodinating">
      <sem>
 	<coh-relation>TEMPORAL:Syncrony</coh-relation>
        <example>Frattanto le idee della Volks-AG nella navigazione marittima verranno collaudate anche in altri rami del campo dei trasporti.</example>
         <example>Dopo due settimane di scioperi di massa, le persone della montagna hanno ripreso il lavoro. Frattanto gli scioperi nei Nachbarrevieren si sono allargati in modo rilevante.</example>
      </sem>
    </syn>
    <commento>DimLex.xml/id="k150"</commento>
    <commento>DimLex.xml/id="k174"</commento>
  </entry>
  <entry id="66">
    <orth type="cont">
     <part type="single">fuorché</part>
    </orth>
    <syn type="coodinating">
      <sem>
        <coh-relation>EXPANSION:Exception:Arg2-as-except</coh-relation>
		<example/>
     </sem>
    </syn>
    <commento>DimLex.xml/id="k24"</commento>
  </entry>
  <entry id="67">
    <orth type="cont">
     <part type="single">giacché</part>
    </orth>
    <syn type="coodinating">
      <sem>
        <coh-relation>CONTINGENCY:Cause:reason</coh-relation>
        <example>Giacché la cantante è malata, il concerto non può avere luogo.</example>
        <example>Quel luogo è molto tranquillo, giacché si trova lontano dalle grandi strade.</example> 
      </sem>
    </syn>
    <commento>DimLex.xml/id="k30"</commento>
  </entry>
  <entry id="68">
    <orth type="cont">
      <part type="phrasal" var="lex">in altre parole</part>
    </orth>
    <orth type="cont">
      <part type="phrasal" var="lex">in altri termini</part>
    </orth>
    <syn type="coodinating">
      <sem>
        <coh-relation>EXPANSION:Equivalence</coh-relation>
        <example/>
      </sem>
    </syn>
    <commento/>
  </entry>
    <entry id="69">
    <orth type="cont">
     <part type="phrasal">in base a</part>
    </orth>
    <syn type="prepositional">
      <sem>
        <coh-relation>CONTINGENCY:Cause:reason</coh-relation>
        <example>Il rimprovero, in base al quale Alain Patrice N. fu trattenuto il 21 aprile, era per ottenimento di prestazioni con inganno.</example> 
      </sem>
    </syn>
    <commento>DimLex.xml/id="k20"</commento>
  </entry>
    <entry id="70">
    <orth type="cont">
     <part type="phrasal">in breve</part>
    </orth>
    <syn type="coodinating">
      <sem>
        <coh-relation>EXPANSION:Specification:Arg1-as-detail(Summarization)</coh-relation>
        <example/>
      </sem>
    </syn>
    <commento/>
  </entry>
  <entry id="71">
    <orth type="cont">
     <part type="phrasal">in caso contrario</part>
    </orth>
    <syn type="coodinating">
      <sem>
        <coh-relation>CONTINGENCY:Negative-Condition:Arg1-as-negcond</coh-relation>
        <example>Il quindicenne deve sottomettersi, in caso contrario viene colpito sul muso.</example>
      </sem>
    </syn>
    <commento>DimLex.xml/id="k8"</commento>
  </entry>
    <entry id="72">
    <orth type="cont">
     <part type="phrasal">in conclusione</part>
    </orth>
    <syn type="coodinating">
      <sem>
        <coh-relation>EXPANSION:Specification:Arg1-as-detail(Summarization)</coh-relation>
        <example/>
      </sem>
    </syn>
    <commento/>
  </entry>
 <entry id="73">
    <orth type="cont">
      <part type="phrasal">in conseguenza di ciò</part>
    </orth>
    <syn type="prepositional">
      <sem>
        <coh-relation>CONTINGENCY:Cause:result</coh-relation>
        <example>Ottenne la licenza di insegnante della scuola primaria al seminario di Rorschach e in conseguenza di ciò insegnò per alcuni anni a Kaltbrunn.</example>
       </sem>
    </syn>
    <commento>DimLex.xml/id="k44"</commento>
  </entry>
  <entry id="74">
    <orth type="cont">
      <part type="phrasal">in definitiva</part>
    </orth>
    <syn type="coodinating">
      <sem>
        <coh-relation/>
        <example/>
      </sem>
    </syn>
    <commento/>
  </entry>
  <entry id="75">
    <orth type="cont">
      <part type="phrasal">in fin dei conti</part>
    </orth>
    <syn type="adverbial">
      <sem>
        <coh-relation/>
        <example/>
      </sem>
    </syn>
    <commento/>
  </entry>
  <entry id="76">
    <orth type="cont">
      <part type="phrasal">in luogo di</part>
    </orth>
    <syn type="prepositional">
      <sem>
        <coh-relation>EXPANSION:Substitution:Arg1-as-subst</coh-relation>
     <example/>
	 </sem>
    </syn>
    <commento>DimLex.xml/id="k141"</commento>
  </entry>
  <entry id="77">
    <orth type="cont">
      <part type="phrasal">in ogni caso</part>
    </orth>
    <syn type="adverbial">
      <sem>
        <coh-relation>EXPANSION: Conjunction</coh-relation>
        <example>Per me il Marocco d'estate è troppo caldo. In ogni caso ho paura di volare.</example>
        <example>Chi in quei giorni criticava gli espugnatori russi della Cecenia, correva il rischio, di rendersi antipatico. In ogni caso era certo che Putin avrebbe vinto la seconda votazione.</example>
      </sem>
    </syn>
    <commento>DimLex.xml/id="k119"</commento>
    <commento>DimLex.xml/id="k174"</commento>
  </entry>
  <entry id="78">
    <orth type="cont">
     <part type="phrasal">in più</part>
    </orth>
    <syn type="adverbial">
      <sem>
        <coh-relation>EXPANSION:Conjunction</coh-relation>
        <example>Non ho voglia di andare al cinema, in più sono stanco.</example>
        <example>Il pietrisco provoca meno ruggine sulle auto del sale per strade. In più è salutare per l'ambiente</example>       
      </sem>
    </syn>
    <commento>DimLex.xml/id="k26"</commento>
    <commento>DimLex.xml/id="k73"</commento>
    <commento>DimLex.xml/id="k185"</commento>
  </entry>
  <entry id="79">
    <orth type="cont">
      <part type="phrasal">in poche parole</part>
    </orth>
    <syn type="adverbial">
      <sem>
        <coh-relation>EXPANSION:Specification:Arg1-as-detail(Summarization)</coh-relation>
        <example/>
      </sem>
    </syn>
    <commento/>
  </entry>
  <entry id="80">
    <orth type="cont">
      <part type="phrasal">in quanto</part>
    </orth>
    <syn type="subordinating">
      <sem>
        <coh-relation>CONTINGENCY:Cause:reason</coh-relation>
        <example>È così ansiosa in quanto è già stata bocciata all'esame di guida due volte</example>
      </sem>
    </syn>
    <commento>DimLex.xml/id="k202"/coh-relation=cause</commento>
  </entry>
  <entry id="81">
    <orth type="cont">
     <part type="phrasal">in quanto al resto</part>
    </orth>
    <syn type="CLASSE">
      <sem>
        <coh-relation>EXPANSION:Exception:Arg1-as-except</coh-relation>
        <example>L'EDV-Kurs purtroppo deve essere disdetto. In quanto al resto tutte le offerte possono essere passate.</example>
        <example>L'associazione è intervenuta solo per il possibile pericolo di incendio. In quanto al resto ha approvato l'attività.</example>
      </sem>
    </syn>
    <commento>DimLex.xml/id="k12"</commento>
  </entry>
  <entry id="82">
    <orth type="cont">
      <part type="phrasal">in realtà</part>
    </orth>
    <syn type="CLASSE">
      <sem>
        <coh-relation>EXPANSION:Specification:Arg2-as-detail(Specification)</coh-relation>
        <example/>
      </sem>
    </syn>
    <commento/>
  </entry>
  <entry id="83">
    <orth type="cont">
     <part type="phrasal">in seguito</part>
    </orth>
    <syn type="adverbial">
      <sem>
        <coh-relation>TEMPORAL:Asynchronous:precedence</coh-relation>
        <example>Scalfire i pomodori con un coltello affilato e annaffiare con acqua calda. In seguito si può spellarli senza problemi.</example>
      </sem>
    </syn>
    <commento>DimLex.xml/id="k41"</commento>
    <commento>DimLex.xml/id="k130"</commento>
  </entry>
  <entry id="84">
    <orth type="cont">
      <part type="phrasal">in seguito a</part>
    </orth>
    <syn type="adverbial">
      <sem>
        <coh-relation>CONTINGENCY:Cause:reason</coh-relation>
        <example>In seguito al maltempo, il St. Gotthard resta chiuso.</example>
        <example>In seguito al maltempo una chiusura verrà presa in considerazione.</example>
        <example>In futuro, in seguito ai Castor-Transoporten, anche a Berlino i danni alla salute per i poliziotti dovrebbero essere considerati come incidente sul lavoro.</example>
      </sem>
     <sem>
        <coh-relation>TEMPORAL:Asynchronous:succession</coh-relation>
        <example/>
      </sem>
	</syn>
    <commento>DimLex.xml/id="k91"</commento>
  </entry>
  <entry id="85">
    <orth type="cont">
      <part type="phrasal">in seguito a ciò</part>
    </orth>
    <syn type="adverbial">
      <sem>
        <coh-relation>TEMPORAL:Asynchronous:precedence</coh-relation>
        <example>La querelante desiderava che la società fosse protetta da lui. In seguito a ciò l'accusato scoppiò in lacrime.</example>
      </sem>
      <sem>
        <coh-relation>CONTINGENCY:Cause:result</coh-relation>
        <example>La querelante desiderava che la società fosse protetta da lui. In seguito a ciò l'accusato scoppiò in lacrime.</example>
      </sem>
    </syn>
    <commento>DimLex.xml/id="k45"</commento>
  </entry>
  <entry id="86">
    <orth type="cont">
      <part type="phrasal">in sintesi</part>
    </orth>
    <syn type="adverbial">
      <sem>
        <coh-relation>EXPANSION:Specification:Arg1-as-detail(Summarization)</coh-relation>
        <example/>
      </sem>
    </syn>
    <commento/>
  </entry>
  <entry id="87">
    <orth type="cont">
      <part type="phrasal">in sostanza</part>
    </orth>
    <syn type="coodinating">
      <sem>
        <coh-relation>EXPANSION:Specification:Arg1-as-detail(Summarization)</coh-relation>
        <example/>
      </sem>
    </syn>
    <commento/>
  </entry>
  <entry id="88">
    <orth type="cont">
      <part type="phrasal">in ultima analisi</part>
    </orth>
    <syn type="coodinating">
      <sem>
        <coh-relation/>
        <example/>
      </sem>
    </syn>
    <commento/>
  </entry>
  <entry id="89">
    <orth type="cont">
      <part type="single" var="orth">infatti</part>
    </orth>
    <orth type="cont">
      <part type="single" var="orth">difatti</part>
    </orth>
    <syn type="coodinating">
      <sem>
        <coh-relation>EXPANSION:Instantiation</coh-relation>
        <example>La somiglianza non è così sorprendente. Infatti le due sono sorelle.</example>
      </sem>
    </syn>
    <commento>DimLex.xml/id="k110"</commento>
  </entry>
  <entry id="90">
    <orth type="cont">
      <part type="single">infine</part>
    </orth>
    <syn type="avverbio">
      <sem>
        <coh-relation/>
        <example/>
      </sem>
    </syn>
    <commento/>
  </entry>
  <entry id="91">
    <orth type="cont">
      <part type="single" var="orth">innanzitutto</part>
    </orth>
	    <orth type="cont">
      <part type="phrasal" var="orth">innanzi tutto</part>
    </orth>
    <syn type="avverbio">
      <sem>
        <coh-relation/>
        <example/>
      </sem>
    </syn>
    <commento/>
  </entry>
  <entry id="92">
    <orth type="cont">
     <part type="single">inoltre</part>
    </orth>
    <syn type="coodinating">
      <sem>
        <coh-relation>EXPANSION:Conjunction</coh-relation>
        <example>Non ho voglia di andare al cinema, inoltre sono stanco.</example>
       <example>Il pietrisco provoca meno ruggine sulle auto del sale per strade. Inoltre è salutare per l'ambiente</example>       
      </sem>
    </syn>
    <commento>DimLex.xml/id="k26"</commento>
    <commento>DimLex.xml/id="k73"</commento>
    <commento>DimLex.xml/id="k112"</commento>
    <commento>DimLex.xml/id="k189"</commento>
    <commento>DimLex.xml/id="k162"</commento>
    <commento>DimLex.xml/id="k177"</commento>
    <commento>DimLex.xml/id="k185"</commento>
  </entry>
  <entry id="93">
    <orth type="cont">
      <part type="single">insomma</part>
    </orth>
    <syn type="avverbio ">
      <sem>
        <coh-relation>EXPANSION:Specification:Arg1-as-detail(Summarization)</coh-relation>
        <example/>
      </sem>
    </syn>
    <commento/>
  </entry>
  <entry id="94">
    <orth type="cont">
      <part type="single">intanto</part> 
    </orth>
    <syn type="coodinating">
      <sem>
 	<coh-relation>TEMPORAL:Syncrony</coh-relation>
        <example>Applausi scrosciano dai 120.000 spettatori. Intanto un gruppo di 150 manifestanti contrari è tenuto sott'occhio da un forte spiegamento di polizia.</example>
        <example>I bambini giocano in giardino. Intanto gli adulti discutono sul risultato elettorale.</example>
        <example>Un'ambulanza con la luce blu serpeggia attraverso il fitto traffico. Intanto alcuni passanti si occupavano del ferito.</example>
      </sem>
    </syn>
    <commento>DimLex.xml/id="k174"</commento>
  </entry>
  <entry id="95">
    <orth type="cont">
      <part type="single">invece</part>
    </orth>
    <syn type="adverbial">
      <sem>
        <coh-relation>COMPARISON:Contrast</coh-relation>
        <example>Lui è grande, invece sua moglie è piccola</example>
      </sem>
      <sem>
        <coh-relation>COMPARISON:Concession:Arg2-as-denier</coh-relation>
        <example/>
      </sem>
    </syn>
    <commento>DimLex.xml/id="k1"/coh-relation=contrast</commento>
  </entry>
  <entry id="96">
    <orth type="cont">
     <part type="phrasal" var="lex">invece di</part>
    </orth>
	<orth type="cont">
      <part type="phrasal" var="lex">invece che</part>
    </orth>
    <syn type="prepositional">
      <sem>
        <coh-relation>EXPANSION:Substitution:Arg1-as-subst</coh-relation>
        <example>Invece di mandare i bambini, ha mandato il nonno.</example>
        <example>Invece di venire, è rimasto a letto.</example>
      </sem>
    </syn>
    <commento>DimLex.xml/id="k13"</commento>
    <commento>DimLex.xml/id="k14"</commento>
    <commento>DimLex.xml/id="k141"</commento>
  </entry>
  <entry id="97">
    <orth type="cont">
      <part type="single">invero</part>
    </orth>
    <syn type="coodinating">
      <sem>
        <coh-relation/>
        <example/>
      </sem>
    </syn>
    <commento/>
  </entry>
  <entry id="98">
    <orth type="cont">
      <part type="single">ma</part>
    </orth>
    <syn type="coodinating">
      <sem>
        <coh-relation>COMPARISON:Contrast</coh-relation>
        <example>Lui è grande, ma sua moglie è piccola</example>
        <example>Lui è intelligente, ma pigro</example>
      </sem>
      <sem>
        <coh-relation>COMPARISON:Concession:Arg2-as-denier</coh-relation>
        <example>Lui è grande, ma non sa giocare a basket</example>
        <example>La collega è malata, ma lavora</example>
      </sem>
    </syn>
    <commento>DimLex.xml/id="k1"</commento>
    <commento>DimLex.xml/id="k5"</commento>
    <commento>DimLex.xml/id="k137"</commento>
  </entry>
  <entry id="99">
    <orth type="cont">
      <part type="single">malgrado</part>
    </orth>
    <syn type="subordinating">
      <sem>
        <coh-relation>COMPARISON:Concession:Arg1-as-denier</coh-relation>
        <example>Ci andiamo malgrado il maltempo.</example>
        <example>Una seconda Pantherin ha lavorato fino al 67 anno di età, per acquisire, malgrado la bassa paga oraria, una pensione.</example>
        <example>Malgrado il gran caldo estivo, ilriscaldamento va a pieno regime.</example>
      </sem>
    </syn>
    <commento>DimLex.xml/id="k142"</commento>
  </entry>
  <entry id="100">
    <orth type="cont">
      <part type="phrasal" var="lex">malgrado ciò</part>
    </orth>
	    <orth type="cont">
      <part type="phrasal" var="lex">malgrado questo</part>
    </orth>
    <syn type="subordinating">
      <sem>
        <coh-relation>COMPARISON:Concession:Arg2-as-denier</coh-relation>
        <example>Entrambe le pagine annunciavano un secondo incontro per martedì. Malgrado ciò le lotte nei campi andarono avanti anche il lunedì.</example>
        <example>Adesso la procura della repubblica ha ordinato la restituzione dell'esemplare confiscato. Malgrado ciò l'istruttoria contro la casa editrice prosegue.</example>
        <example>Lui non ha valutato correttamente la situazione della politica interna nella sua patria. Malgrado ciò è ritornato da quella parte.</example>      
      </sem>
    </syn>
    <commento>DimLex.xml/id="k62"</commento>
  </entry>
  <entry id="101">
    <orth type="cont">
      <part type="single">mentre</part>
    </orth>
    <syn type="subordinating">
      <sem>
        <coh-relation>TEMPORAL:Syncrony</coh-relation>
        <example>Mentre pioveva, eravamo in una trattoria.</example>
        <example>L'avvenimento è successo mentre ero in viaggio.</example>
        <example>Stormy, che, pazzo di gelosia, le distrugge addirittura l’ appartamento mentre lei è fuori per il week-end        </example>
	<commento>DimLex.xml/id="k173"/coh-relation=simultaneous"</commento>
	</sem>
   <sem>
        <coh-relation>EXPANSION:Conjunction</coh-relation>
        <example>Nessuno degli aspiranti presidenti in Argentina conta su più del 15 % delle intenzioni di voto, mentre circa il 12 % degli elettori pensano di astenersi</example>
      </sem>
      </syn>
     <syn type="coodinating">
      <sem>
        <coh-relation>COMPARISON:Contrast</coh-relation>
        <example>Lei ha studiato, mentre suo fratello ha imparato un mestiere.</example>
	<example>quel 13% di persone disponibili al consumo di alimenti contenenti Ogm è composto in prevalenza da studenti, mentre quel 53% che si dichiara drasticamente contrario è composto in maggioranza dai responsabili degli acquisti.</example>
    <commento>DimLex.xml/id="k168"/coh-relation=contrast"</commento>
      </sem>
    </syn>
  </entry>
  <entry id="102">
    <orth type="cont">
      <part type="single">né</part>
    </orth>
    <syn type="subordinating">
      <sem>
        <coh-relation>EXPANSION:Conjunction</coh-relation>
        <example/>
      </sem>
    </syn>
    <commento/>
  </entry>
  <entry id="103">
    <orth type="discont">
      <part type="single">né</part>
      <part type="single">né</part>
    </orth>
    <syn type="subordinating">
      <sem>
        <coh-relation>EXPANSION: Conjunction</coh-relation>
        <example>Ieri non ha né piovuto, né brillato il sole.</example>
      </sem>
    </syn>
    <commento>DimLex.xml/id="k159"</commento>
  </entry>
  <entry id="104">
    <orth type="cont">
      <part type="phrasal">nel contempo</part> 
    </orth>
    <syn type="coodinating">
      <sem>
 	<coh-relation>TEMPORAL:Syncrony</coh-relation>
        <example>Lei diceva, che voleva rivolgersi direttamente alla base di Mitte e Prenzlauer Berg. Nel contempo criticava l'azione della presidenza federale.</example>
      </sem>
    </syn>
    <commento>DimLex.xml/id="k179"</commento>
  </entry>
  <entry id="105">
    <orth type="cont">
      <part type="phrasal">nel frattempo</part>
    </orth>
    <syn type="adverbial">
      <sem>
 	<coh-relation>TEMPORAL:Syncrony</coh-relation>
        <example>Nel frattempo le idee della Volks-AG nella navigazione marittima verranno collaudate anche in altri rami del campo dei trasporti.</example>
        <example>Dopo due settimane di scioperi di massa, le persone della montagna hanno ripreso il lavoro. Nel frattempo gli scioperi nei Nachbarrevieren si sono allargati in modo rilevante.</example>
      </sem>
    </syn>
    <commento>DimLex.xml/id="k150"</commento>
  </entry>
  <entry id="106">
    <orth type="cont">
      <part type="phrasal">non appena</part>
    </orth>
    <syn type="adverbial">
      <sem>
        <coh-relation>TEMPORAL:Syncrony</coh-relation>
        <example>Non appena gli dai un dito, lui ti prende tutta la mano.</example>
        <example>Ci darà una risposta, non appena avrà informazioni certe.</example>
        <example>Non appena ci videro, corsero di là.</example>
	<commento>DimLex.xml/id="k129"</commento>
      </sem>
	<sem>
        <coh-relation>CONTINGENCY:Condition</coh-relation>
        <example>Non appena gli dai un dito, lui ti prende tutta la mano.</example>
        <example>Ci darà una risposta, non appena avrà informazioni certe.</example>
        <example>Non appena ci videro, corsero di là.</example>
      </sem>
    </syn>
  </entry>
  <entry id="107">
    <orth type="cont">
      <part type="phrasal">non prima di</part> 
    </orth>
    <syn type="prepositional">
      <sem>
        <coh-relation>TEMPORAL:Asynchronous:succession</coh-relation>
        <example>Vado a dormire, non prima di aver aerato per bene.</example>
      </sem>
    </syn>
    <commento>DimLex.xml/id="k28"/coh-relation=successive</commento>
  </entry>
  <entry id="108">
    <orth type="cont">
      <part type="single">nondimeno</part>
    </orth>
    <syn type="subordinating">
      <sem>
        <coh-relation>COMPARISON:Concession:Arg2-as-denier
</coh-relation>
        <example/>
      </sem>
    </syn>
    <commento/>
  </entry>
  <entry id="109">
    <orth type="cont">
      <part type="single">nonostante</part>
    </orth>
    <syn type="subordinating">
      <sem>
        <coh-relation>COMPARISON:Concession:Arg1-as-denier</coh-relation>
        <example>Ci andiamo nonostante il maltempo.</example>
        <example>Una seconda Pantherin ha lavorato fino al 67 anno di età, per acquisire, nonostante la bassa paga oraria, una pensione.</example>
        <example>Nonostante il gran caldo estivo, il riscaldamento va a pieno regime.</example>
      </sem>
    </syn>
    <commento>DimLex.xml/id="k142"</commento>
  </entry>
  <entry id="110">
    <orth type="cont">
      <part type="single" var="orth">nonpertanto</part>
    </orth>
	<orth type="cont">
      <part type="phrasal" var="orth">non pertanto</part>
    </orth>
	<orth type="cont">
      <part type="phrasal" var="orth">non per tanto</part>
    </orth>
    <syn type="coodinating">
      <sem>
        <coh-relation/>
        <example/>
      </sem>
    </syn>
    <commento/>
  </entry>
  <entry id="111">
    <orth type="cont">
      <part type="single">o</part>
    </orth>
    <syn type="coodinating">
      <sem>
        <coh-relation>EXPANSION:Disjunction</coh-relation>
        <example>Puoi scrivergli, o puoi telefonargli.</example>
        <example>Parliamo sempre della critica, o parliamo delle persone che pensano di poter influenzare la critica.</example>
      </sem>
      <sem>
        <coh-relation>CONTINGENCY:Negative-Condition:Arg1-as-negcond</coh-relation>
        <example>O mangi la tua minestra, o non puoi guardare la televisione.</example>
      </sem>
    </syn>
    <commento>DimLex.xml/id="k117"</commento>
  </entry>
 <entry id="112">
    <orth type="cont">
      <part type="phrasal">ogni volta che</part>
    </orth>
    <syn type="subordinating">
      <sem>
 	<coh-relation>TEMPORAL:Syncrony</coh-relation>
        <example/>
      </sem>
    </syn>
    <commento/>
  </entry>
   <entry id="113">
    <orth type="cont">
      <part type="phrasal" var="lex">oltre a ciò</part>
    </orth>
	    <orth type="cont">
      <part type="phrasal" var="lex">oltre a questo</part>
    </orth>
    <syn type="coodinating">
      <sem>
        <coh-relation>EXPANSION: Conjunction</coh-relation>
    <example/>
	</sem>
    </syn>
    <commento>DimLex.xml/id="k59"</commento>
    <commento>DimLex.xml/id="k189"</commento>
  </entry>
  <entry id="114">
    <orth type="cont">
      <part type="single">oltretutto</part>
    </orth>
    <syn type="coodinating">
      <sem>
        <coh-relation>EXPANSION:Conjunction</coh-relation>
        <example/>
      </sem>
    </syn>
    <commento/>
  </entry>
  <entry id="115">
    <orth type="cont">
      <part type="single">oppure</part>
    </orth>
    <syn type="coodinating">
      <sem>
        <coh-relation>EXPANSION:Disjunction</coh-relation>
        <example>Puoi scrivergli, oppure puoi telefonargli.</example>
        <example>Parliamo sempre della critica, oppure parliamo delle persone che pensano di poter influenzare la critica.</example>
      </sem>
      <sem>
        <coh-relation>CONTINGENCY:Negative-Condition:Arg1-as-negcond</coh-relation>
        <example/>
      </sem>
    </syn>
    <commento>DimLex.xml/id="k117"</commento>
  </entry>
  <entry id="116">
    <orth type="cont">
      <part type="single">ossia</part>
    </orth>
    <syn type="coodinating">
      <sem>
        <coh-relation>EXPANSION:Equivalence</coh-relation>
        <example/>
      </sem>
    </syn>
    <commento/>
  </entry>
  <entry id="117">
    <orth type="cont">
      <part type="single">parimenti</part>
    </orth>
    <syn type="avverbio">
      <sem>
        <coh-relation>COMPARISON:Similarity</coh-relation>
        <example>Non c'erano particolari riguardo le modalità di una riforma economica e monetaria, parimenti si aspettava invano per presentazioni del governo al riguardo..</example>
        </sem>
    </syn>
    <commento>DimLex.xml/id="k60"</commento>
  </entry>
  <entry id="118">
    <orth type="cont">
      <part type="single">per</part> 
    </orth>
    <syn type="preposizione">
      <sem>
        <coh-relation>CONTINGENCY:Cause:reason</coh-relation>
        <example>Per una festa privata oggi il locale resta chiuso.</example>
       </sem>
      <sem>
        <coh-relation>CONTINGENCY:Purpose:Arg2-as-goal</coh-relation>
        <example/>
       </sem>
    </syn>
    <commento>DimLex.xml/id="k160"</commento>
  </entry>
  <entry id="119">
    <orth type="cont">
      <part type="phrasal">per contro</part>
    </orth>
    <syn type="coodinating">
      <sem>
        <coh-relation>COMPARISON:Concession:Arg2-as-denier</coh-relation>
        <example/>
      </sem>
      <sem>
        <coh-relation>COMPARISON:Contrast</coh-relation>
        <example/>
      </sem>
    </syn>
    <commento/>
  </entry>
  <entry id="120">
    <orth type="cont">
     <part type="phrasal">per cui</part>
    </orth>
    <syn type="coodinating">
      <sem>
        <coh-relation>CONTINGENCY:Cause:result</coh-relation>
        <example> Allora la radio ancora non c'era. Per cui, gli abitanti di Heilbronn dovevano aspettare fino al lunedì successivo, per conoscere il segnale. </example>
        <example>Ho trovato sotto il ginocchio della gamba sinistra un'altra scottatura, per cui lì il flusso deve aver di nuovo abbandonato il corpo.</example>
     </sem>
    </syn>
    <commento>DimLex.xml/id="k6"</commento>
    <commento>DimLex.xml/id="k131"</commento>
    <commento>DimLex.xml/id="k165"</commento>
    <commento>DimLex.xml/id="k166"</commento>
  </entry>
  <entry id="121">
    <orth type="cont">
      <part type="phrasal">per di più</part>
    </orth>
    <syn type="coodinating">
      <sem>
        <coh-relation>EXPANSION:Conjunction</coh-relation>
        <example>Durante la giornata gli articoli vengono stabilmente aggiornati. Per di più la distribuzione elettronica contiene più retroscena.</example>
     </sem>
    </syn>
    <commento>DimLex.xml/id="k48"</commento>
    <commento>DimLex.xml/id="k112"</commento>
    <commento>DimLex.xml/id="k177"</commento>
  </entry>
  <entry id="122">
    <orth type="cont">
      <part type="phrasal">per giunta</part>
    </orth>
    <syn type="coodinating">
      <sem>
        <coh-relation>EXPANSION:Conjunction</coh-relation>
        <example>In Turchia era solo, per giunta all'inizio era atteso dal servizio militare.</example>
        <example>Secondo il decreto molte case per animali sono sovraffollate. Per giunta le lotte di cani sono ben organizzate.</example>
      </sem>
    </syn>
    <commento>DimLex.xml/id="k112"</commento>
    <commento>DimLex.xml/id="k189"</commento>
  </entry>
  <entry id="123">
    <orth type="cont">
     <part type="phrasal">per il fatto che</part>
    </orth>
    <syn type="subordinating">
      <sem>
        <coh-relation>CONTINGENCY:Cause:reason</coh-relation>
    <example/>
	</sem>
    </syn>
    <commento>DimLex.xml/id="k33"</commento>
  </entry>
  <entry id="124">
    <orth type="cont">
     <part type="phrasal">per il resto</part>
    </orth>
    <syn type="CLASSE">
      <sem>
        <coh-relation>EXPANSION:Exception:Arg1-as-except</coh-relation>
        <example>L'EDV-Kurs purtroppo deve essere disdetto. Per il resto tutte le offerte possono essere passate.</example>
        <example>L'associazione è intervenuta solo per il possibile pericolo di incendio. Per il resto ha approvato l'attività.</example>
      </sem>
    </syn>
    <commento>DimLex.xml/id="k12"</commento>
  </entry>
  <entry id="125">
    <orth type="cont">
      <part type="phrasal">per la qual cosa</part>
    </orth>
    <syn type="subordinating">
      <sem>
        <coh-relation/>
        <example/>
      </sem>
    </syn>
    <commento/>
  </entry>
  <entry id="126">
    <orth type="cont">
      <part type="phrasal" var="lex">per meglio dire</part>
    </orth>
	<orth type="cont">
      <part type="phrasal" var="lex">o meglio</part>
    </orth>
    <syn type="coodinating">
      <sem>
        <coh-relation/>
        <example>EXPANSION:Equivalence</example>
      </sem>
    </syn>
     <commento>DimLex.xml/id="k29"</commento>
  </entry>
  <entry id="127">
    <orth type="cont">
      <part type="phrasal">per poco che</part>
    </orth>
    <syn type="coodinating">
      <sem>
        <coh-relation/>
        <example/>
      </sem>
    </syn>
    <commento/>
  </entry>
  <entry id="128">
    <orth type="cont">
      <part type="phrasal">per prima cosa</part>
    </orth>
    <syn type="adverbial">
      <sem>
        <coh-relation/>
        <example/>
      </sem>
    </syn>
    <commento/>
  </entry>
  <entry id="129">
    <orth type="cont">
      <part type="phrasal">per quanto</part>
    </orth>
    <syn type="subordinating">
      <sem>
        <coh-relation>CONTINGENCY:Condition</coh-relation>
        <example>Voleva risparmiare alla moglie questa delusione, per quanto fosse possibile.</example>
        <coh-relation>COMPARISON:Concession:Arg1-as-denier</coh-relation>
        <example/>
      </sem> 
    </syn>
    <commento>DimLex.xml/id="k139"/coh-relation=condition</commento>
    <commento>DimLex.xml/id="k142"</commento>
  </entry>
  <entry id="130">
    <orth type="cont">
     <part type="phrasal">per questa ragione</part>
    </orth>
    <syn type="coodinating">
      <sem>
        <coh-relation>cCONTINGENCY:Cause:result</coh-relation>
     <example/>
	 </sem>
    </syn>
    <commento>DimLex.xml/id="k32"</commento>
    <commento>DimLex.xml/id="k39"</commento>
    <commento>DimLex.xml/id="k92"</commento>
  </entry>
  <entry id="131">
    <orth type="cont">
     <part type="phrasal">per questo</part>
    </orth>
    <syn type="coodinating">
      <sem>
        <coh-relation>CONTINGENCY:Cause:result</coh-relation>
        <example>Il suo Oldtimer è in ottimo stato. Per questo è costato un sacco di soldi.</example>
        <example>I Phoenicurus sono diventati molto rari. Per questo ci sono più picchi in Langen.</example>
      </sem>
    </syn>
    <commento>DimLex.xml/id="k35"/coh-relation=contrast</commento>
    <commento>DimLex.xml/id="k47"/coh-relation=contrast</commento>
    <commento>DimLex.xml/id="k61"/coh-relation=consequence</commento>
  </entry>
  <entry id="132">
    <orth type="cont">
     <part type="phrasal">per questo motivo</part>
    </orth>
    <syn type="coodinating">
      <sem>
        <coh-relation>CONTINGENCY:Cause:result</coh-relation>
        <example>Non aveva ancora mangiato. Per questo motivo si sentiva indebolita.</example>
      </sem>
    </syn>
    <commento>DimLex.xml/id="k39"</commento>
  </entry>
  <entry id="133">
    <orth type="cont">
      <part type="single" var="orth">peraltro</part>
    </orth>
		<orth type="cont">
      <part type="phrasal" var="orth">per altro</part>
    </orth>
    <syn type="coodinating">
      <sem>
        <coh-relation/>
        <example/>
      </sem>
    </syn>
    <commento/>
  </entry>
  <entry id="134">
    <orth type="cont">
      <part type="single">perché</part>
    </orth>
    <syn type="coodinating">
      <sem>
        <coh-relation>CONTINGENCY:Cause:reason</coh-relation>
        <example>Il concerto non può avere luogo perché la cantante è malata.</example>
        <example>I fiori sul balcone sono congelati perché stanotte è venuta una gelata.</example>
      </sem>
    </syn>
    <commento>DimLex.xml/id="k57"</commento>
    <commento>DimLex.xml/id="k161"</commento>
  </entry>
  <entry id="135">
    <orth type="cont">
     <part type="single">perciò</part>
    </orth>
    <syn type="coodinating">
      <sem>
        <coh-relation>cCONTINGENCY:Cause:resulte</coh-relation>
        <example> Allora la radio ancora non c'era. Perciò, gli abitanti di Heilbronn dovevano aspettare fino al lunedì successivo, per conoscere il segnale. </example>
        <example>Ho trovato sotto il ginocchio della gamba sinistra un'altra scottatura, perciò lì il flusso deve aver di nuovo abbandonato il corpo.</example>
     </sem>
    </syn>
    <commento>DimLex.xml/id="k6"</commento>
    <commento>DimLex.xml/id="k35"</commento>
    <commento>DimLex.xml/id="k39"</commento>
    <commento>DimLex.xml/id="k44"</commento>
    <commento>DimLex.xml/id="k47"</commento>
    <commento>DimLex.xml/id="k61"</commento>
    <commento>DimLex.xml/id="k63"</commento>
    <commento>DimLex.xml/id="k75"</commento>
    <commento>DimLex.xml/id="k92"</commento>
    <commento>DimLex.xml/id="k103"</commento>
  </entry>
  <entry id="136">
    <orth type="cont">
      <part type="single">però</part>
    </orth>
    <syn type="coodinating">
      <sem>
        <coh-relation>COMPARISON:Contrast</coh-relation>
        <example>Lui è grande, però sua moglie è piccola</example>
        <example>Lui è intelligente, però pigro</example>
      </sem>
      <sem>
        <coh-relation>COMPARISON:Concession:Arg2-as-denier</coh-relation>
        <example>Lui è grande, però non sa giocare a basket</example>
        <example>La collega è malata, però lavora</example>
      </sem>       
    </syn> 
    <commento>DimLex.xml/id="k1"</commento>
    <commento>DimLex.xml/id="k5"</commento>
  </entry>
  <entry id="137">
    <orth type="cont">
     <part type="single" var="orth">persino</part>
    </orth>
	    <orth type="cont">
      <part type="single" var="orth">perfino</part>
    </orth>
    <syn type="avverbio">
      <sem>
        <coh-relation>EXPANSION:Conjunction</coh-relation>
        <example>Klaus non è ancora tornato. Si è persino perso l'allenamento.</example>   
      </sem>
      <sem>
        <coh-relation>COMPARISON:Concession:Arg1-as-denier</coh-relation>
        <example/>   
      </sem>
    </syn>
    <commento>DimLex.xml/id="k16"</commento>
  </entry>
  <entry id="138">
    <orth type="cont">
      <part type="single">pertanto</part> 
    </orth>
    <syn type="coodinating">
      <sem>
        <coh-relation>CONTINGENCY:Cause:result</coh-relation>
        <example>Il boxer incespicò impotente nella corda, pertanto l'arbitro interruppe l'incontro.</example>
        <example>Il fantino del cavallo favorito era caduto dalla sella, pertanto le migliaia di spettatori, che avevano scommesso sull'animale, andarono su tutte le furie.</example>
      </sem>
    </syn>
    <commento>DimLex.xml/id="k172"</commento>
  </entry>
  <entry id="139">
    <orth type="cont">
      <part type="phrasal">più che altro</part>
    </orth>
    <syn type="coodinating">
      <sem>
        <coh-relation/>
        <example/>
      </sem>
    </syn>
    <commento/>
  </entry>
  <entry id="140">
    <orth type="cont">
     <part type="phrasal">più tardi</part>
    </orth>
    <syn type="coodinating">
      <sem>
        <coh-relation>TEMPORAL:Asynchronous:precedence</coh-relation>
        <example>Scalfire i pomodori con un coltello affilato e annaffiare con acqua calda. Più tardi si può spellarli senza problemi.</example>
     </sem>
    </syn>
    <commento>DimLex.xml/id="k41"</commento>
    <commento>DimLex.xml/id="k86"</commento>
    <commento>DimLex.xml/id="k140"</commento>
  </entry>
  <entry id="141">
    <orth type="cont">
      <part type="single">piuttosto</part>
    </orth>
    <syn type="coodinating">
      <sem>
        <coh-relation>EXPANSION:Substitution:Arg1-as-subst</coh-relation>
      </sem>
    </syn>
    <commento>DimLex.xml/id="k152"</commento>
  </entry>
  <entry id="142">
    <orth type="cont">
     <part type="single">poi</part>
    </orth>
    <syn type="avverbio">
      <sem>
        <coh-relation>TEMPORAL:Asynchronous:precedence</coh-relation>
        <example>Scalfire i pomodori con un coltello affilato e annaffiare con acqua calda. Poi si può spellarli senza problemi.</example>
     </sem>
    </syn>
    <commento>DimLex.xml/id="k41"</commento>
    <commento>DimLex.xml/id="k43"</commento>
    <commento>DimLex.xml/id="k45"</commento>
    <commento>DimLex.xml/id="k86"</commento>
  </entry>
  <entry id="143">
    <orth type="cont">
      <part type="single">poiché</part>
    </orth>
    <syn type="avverbio">
      <sem>
        <coh-relation>CONTINGENCY:Cause:reason</coh-relation>
        <example>È così ansiosa poiché è già stata bocciata all'esame di guida due volte.</example>
        <coh-relation>consequence</coh-relation>
        <example>La somiglianza non è così sorprendente poiché le due sono sorelle.</example>
      </sem>
    </syn>
    <commento>DimLex.xml/id="k202"/coh-relation=cause</commento>
    <commento>DimLex.xml/id="k30"/coh-relation=consequence</commento>
    <commento>DimLex.xml/id="k33"/coh-relation=consequence</commento>
    <commento>DimLex.xml/id="k110"/coh-relation=consequence</commento>
    <commento>DimLex.xml/id="k161"/coh-relation=consequence</commento>
  </entry>
  <entry id="144">
    <orth type="cont">
      <part type="single">precedentemente</part>
    </orth>
    <syn type="avverbio">
      <sem>
        <coh-relation>TEMPORAL:Asynchronous:succession</coh-relation>
        <example>In autunno sarà pubblicato il nuovo album di Zachary Richard. Precedentemente farà per la prima volta un tour in Germania.</example>
        <example>È consigliabile di leggere il testo a fondo precedentemente.</example>
      </sem>
    </syn>
    <commento>DimLex.xml/id="k156"</commento>
  </entry>
  <entry id="145">
    <orth type="cont">
      <part type="single">prima</part>
    </orth>
    <syn type="avverbio">
      <sem>
        <coh-relation>TEMPORAL:Asynchronous:succession</coh-relation>
        <example>In autunno sarà pubblicato il nuovo album di Zachary Richard. Prima farà per la prima volta un tour in Germania.</example>
        <example>È consigliabile di leggere prima il testo a fondo.</example>
        <example>Domani volo in Spagna. Prima c'è ancora molto da fare</example>
      </sem>
    </syn>
    <commento>DimLex.xml/id="k28"/coh-relation=successive</commento>
    <commento>DimLex.xml/id="k156"/coh-relation=succession</commento>
  </entry>
  <entry id="146">
    <orth type="cont">
      <part type="phrasal" var="lex">prima che</part>
    </orth>
    <orth type="cont">
      <part type="phrasal" var="lex">prima di</part>
    </orth>
    <syn type="prepositional">
      <sem>
        <coh-relation>TEMPORAL:Asynchronous:precedence</coh-relation>
        <example>Prima che la lezione cominci, gli studenti tirano fuori libri e quaderni.</example>
        <example>La studentessa elabora una struttura, prima di mettere per iscritto il tema.</example>  
      </sem>
    </syn>
    <commento/>
  </entry>
  <entry id="147">
    <orth type="cont">
      <part type="single">purché</part>
    </orth>
    <syn type="subordinating">
      <sem>
        <coh-relation>CONTINGENCY:Condition</coh-relation>
        <example>Oggi usciamo, purché venga Hans.</example>
        <example>Vuole restare all'istituto, purché riceva il posto di assistente.</example>
     </sem>
    </syn>
    <commento>DimLex.xml/id="k133"</commento>
  </entry>
  <entry id="148">
    <orth type="cont">
      <part type="single">pure</part>
    </orth>
    <syn type="avverbio">
      <sem>
        <coh-relation>EXPANSION:Conjunction</coh-relation>
    <example/>
	</sem>
      <sem>
        <coh-relation>COMPARISON:Concession:Arg1-as-denier</coh-relation>
        <example/>    
      </sem>
    </syn>
    <commento>DimLex.xml/id="k67"</commento>
  </entry>
  <entry id="149">
    <orth type="cont">
      <part type="single">quando</part>
    </orth>
    <syn type="subordinating">
      <sem>
        <coh-relation>TEMPORAL:Syncrony</coh-relation>
        <example>Quando lasciò l'appartamento, arrivò la chiamata</example>
        <example>Quando il rospo ebbe mangiato, volle andare a dormire nel letto della figlia del re</example>
	</sem>
      <sem>
        <coh-relation>CONTINGENCY:Condition</coh-relation>
        <example>Quando si preme sul bottone, la porta si apre da sola.</example>
        <example>Quando me lo chiedi, lo lascerò stare.</example>
      </sem>
	<sem>
        <coh-relation>TEMPORAL:Asynchronous:succession</coh-relation>
        <example/>
      </sem>
    </syn>
    <commento>DimLex.xml/id="k202"/coh-relation=simultaneous</commento>
    <commento>DimLex.xml/id="k295"/coh-relation=condition</commento>
  </entry>
  <entry id="150">
    <orth type="cont">
      <part type="single">quantunque</part> 
    </orth>
    <syn type="subordinating">
      <sem>
        <coh-relation>COMPARISON:Concession:Arg1-as-denier</coh-relation>
        <example>Il palazzo ci dà ancora oggi un'idea della grandezza del tempo, quantunque la gran parte è andata in rovina.</example>
        <example>Quantunque il programma a volte fosse inconsueto per orecchie europee, l'engagement musicale e l'abilità tecnica dell'orchestra conquistarono il pubblico.</example>
      </sem>
    </syn>
    <commento>DimLex.xml/id="k164"</commento>
  </entry>
  <entry id="151">
    <orth type="cont">
     <part type="single">quindi</part>
    </orth>
    <syn type="coodinating">
      <sem>
        <coh-relation>CONTINGENCY:Cause:result</coh-relation>
        <example> Allora la radio ancora non c'era. Quindi, gli abitanti di Heilbronn dovevano aspettare fino al lunedì successivo, per conoscere il segnale. </example>
        <example>Ho trovato sotto il ginocchio della gamba sinistra un'altra scottatura, quindi lì il flusso deve aver di nuovo abbandonato il corpo.</example>
     </sem>
      <sem>
        <coh-relation>TEMPORAL:Asynchronous:precedence</coh-relation>
        <example/>
      </sem>
    </syn>
    <commento>DimLex.xml/id="k6"</commento>
    <commento>DimLex.xml/id="k43"</commento>
    <commento>DimLex.xml/id="k45"</commento>
    <commento>DimLex.xml/id="k75"</commento>
    <commento>DimLex.xml/id="k103"</commento>
    <commento>DimLex.xml/id="k135"</commento>
  </entry>
    <entry id="152">
    <orth type="cont">
     <part type="phrasal">salvo che</part>
    </orth>
    <syn type="subordinating">
      <sem>
        <coh-relation>CONTINGENCY:Negative-Condition:Arg2-as-negcond</coh-relation>
        <example>In caso di divorzio la madre ottiene l'affidamento dei minori, salvo che il giudice non decida altrimenti.</example>
        <example>Domani vado in montagna, salvo che il tempo non faccia brutti scherzi.</example>
      </sem>
    </syn>
    <commento>DimLex.xml/id="k24"</commento>
    <commento>DimLex.xml/id="k299"</commento>
  </entry>
  <entry id="153">
    <orth type="cont">
      <part type="single">se</part>
    </orth>
    <syn type="subordinating">
      <sem>
        <coh-relation>CONTINGENCY:Condition</coh-relation>
        <example>Se viene a Dresda, ci viene a visitare.</example>
        <example>Prendi un ombrello, se piove.</example>
        <coh-relation>consequence</coh-relation>
     <example/>
	 </sem>
    </syn>
    <commento>DimLex.xml/id="k72"</commento>
    <commento>DimLex.xml/id="k295"</commento>
  </entry>
  <entry id="154">
    <orth type="cont">
      <part type="single">sebbene</part>
    </orth>
    <syn type="subordinating">
      <sem>
        <coh-relation>COMPARISON:Concession:Arg1-as-denier</coh-relation>
        <example>Sebbene Greff fosse sposato, sembrava più un capo degli scout che un marito.</example>
        <example>Esercitava ancora molte funzioni, sebbene fosse sofferente.</example>
      </sem>
    </syn>
    <commento>DimLex.xml/id="k113"</commento>
    <commento>DimLex.xml/id="k114"</commento>
    <commento>DimLex.xml/id="k115"</commento>
    <commento>DimLex.xml/id="k116"</commento>
    <commento>DimLex.xml/id="k164"</commento>
  </entry>
  <entry id="155">
    <orth type="cont">
      <part type="single">semmai</part>
    </orth>
    <syn type="CLASSE">
      <sem>
        <coh-relation>EXPANSION: Conjunction</coh-relation>
     </sem>
    </syn> <commento>DimLex.xml/id="k4"</commento>
  </entry>
  <entry id="156">
    <orth type="cont">
      <part type="single">sennò</part>
    </orth>
    <syn type="subordinating">
      <sem>
        <coh-relation>CONTINGENCY:Negative-Condition:Arg1-as-negcond</coh-relation>
        <example/>
      </sem>
    </syn>
    <commento/>
  </entry>
  <entry id="157">
    <orth type="cont">
      <part type="phrasal">sennonché</part>
    </orth>
    <syn type="subordinating">
      <sem>
        <coh-relation>COMPARISON:Concession:Arg2-as-denier</coh-relation>
        <example/>
      </sem>
    </syn>
    <commento>DimLex.xml/id="k109"</commento>
  </entry>
   <entry id="158">
    <orth type="cont">
     <part type="single">siccome</part>
    </orth>
    <syn type="subordinating">
      <sem>
        <coh-relation>CONTINGENCY:Cause:reason</coh-relation>
        <example>Siccome la cantante è malata, il concerto non può avere luogo.</example>
      </sem>
    </syn>
    <commento>DimLex.xml/id="k30"</commento>
  </entry>
  <entry id="159">
    <orth type="cont">
      <part type="single">solamente</part>
    </orth>
    <syn type="avverbio">
      <sem>
        <coh-relation>COMPARISON:Concession:Arg2-as-denier</coh-relation>
        <example>Sento bene il messaggio, solamente mi manca la convinzione</example>
      </sem>
    </syn>
    <commento>DimLex.xml/id="k3"</commento>
  </entry>
  <entry id="160">
    <orth type="cont">
      <part type="single">solo</part>
    </orth>
    <syn type="avverbio">
      <sem>
        <coh-relation>COMPARISON:Concession:Arg2-as-denier</coh-relation>
        <example>Sento bene il messaggio, solo mi manca la convinzione</example>
        <example>In vacanza è stato molto bello, solo che a volte era torrido.</example>
      </sem>
    </syn>
    <commento>DimLex.xml/id="k3"</commento>
    <commento>DimLex.xml/id="k109"</commento>
  </entry>
  <entry id="161">
    <orth type="cont">
     <part type="phrasal">sopra ogni altra cosa</part>
    </orth>
    <syn type="coodinating">
      <sem>
        <coh-relation/>
        <example/>
      </sem>
    </syn>
    <commento/>
  </entry>
  <entry id="162">
    <orth type="cont">
      <part type="phrasal">supposto che</part>
    </orth>
    <syn type="subordinating">
      <sem>
        <coh-relation>CONTINGENCY:Condition</coh-relation>
       <example>Per 230 anni i collezionisti possono acquistare i pezzi - supposto che la KPM ci sia per così a lungo.</example>
        <example>Verrebbe anche lui in paradiso - supposto che i berlinesi vadano in paradiso...</example>
      </sem>
    </syn>
    <commento>DimLex.xml/id="k155"</commento>
  </entry>
  <entry id="163">
    <orth type="cont">
      <part type="phrasal">tanto più che</part> 
    </orth>
    <syn type="subordinating">
      <sem>
        <coh-relation>EXPANSION:Conjunction</coh-relation>
        <example>I cambi di nome delle strade a Goerlitz sono ancora non chiari. Tanto più che nel nuovo quartiere in costruzione resteranno i nomi vecchi delle strade</example>
        <coh-relation>consequence</coh-relation>
		<example/>
       </sem>
    </syn>
    <commento>DimLex.xml/id="k183"</commento>
  </entry>
  <entry id="164">
    <orth type="cont">
     <part type="phrasal">tra l'altro</part>
    </orth>
    <syn type="coodinating">
      <sem>
        <coh-relation/>
        <example/>
      </sem>
    </syn>
    <commento/>
  </entry>
  <entry id="165">
    <orth type="cont">
     <part type="phrasal">tra le altre cose</part>
    </orth>
    <syn type="coodinating">
      <sem>
        <coh-relation/>
        <example/>
      </sem>
    </syn>
    <commento/>
  </entry>
  <entry id="166">
    <orth type="cont">
     <part type="single">tranne</part>
    </orth>
    <syn type="prepositional">
      <sem>
        <coh-relation>EXPANSION:Exception:Arg2-as-except</coh-relation>
      </sem>
    </syn>
    <commento>DimLex.xml/id="k24"</commento>
  </entry>
  <entry id="167">
    <orth type="cont">
     <part type="phrasal">tranne quando</part>
    </orth>
    <syn type="coodinating">
      <sem>
        <coh-relation>CONTINGENCY:Negative-Condition:Arg2-as-negcond</coh-relation>
        <example>Lei è sempre di buon umore, tranne quando non ha dormito abbastanza.</example>      
      </sem>
    </syn>
    <commento>DimLex.xml/id="k25"</commento>
  </entry>
  <entry id="168">
    <orth type="cont">
     <part type="phrasal" var="orth">tutt'al più</part>
    </orth>
	    <orth type="cont">
     <part type="single" var="orth">tuttalpiù</part>
    </orth>
    <syn type="coodinating">
      <sem>
        <coh-relation/>
        <example/>      
      </sem>
    </syn>
    <commento/>
  </entry>
  <entry id="169">
    <orth type="cont">
      <part type="single">tuttavia</part>
    </orth>
    <syn type="coodinating">
      <sem>
        <coh-relation>COMPARISON:Concession:Arg2-as-denier</coh-relation>
        <example>Lui è grande, tuttavia non sa giocare a basket</example>
        <example>La collega è malata, tuttavia lavora</example>
      </sem>
    </syn>
    <commento>DimLex.xml/id="k1"/coh-relation=concession</commento>
    <commento>DimLex.xml/id="k5"</commento>
    <commento>DimLex.xml/id="k78"</commento>
    <commento>DimLex.xml/id="k107"</commento>
    <commento>DimLex.xml/id="k143"</commento>
  </entry>
  <entry id="170">
    <orth type="cont">
     <part type="phrasal">tutto sommato</part>
    </orth>
    <syn type="coodinating">
      <sem>
        <coh-relation/>
        <example/>      
      </sem>
    </syn>
    <commento/>
  </entry>
  <entry id="171">
    <orth type="cont">
      <part type="single">ugualmente</part>
    </orth>
    <syn type="avverbio">
      <sem>
        <coh-relation>COMPARISON:Similarity</coh-relation>
        <example>Non c'erano particolari riguardo le modalità di una riforma economica e monetaria, ugualmente si aspettava invano per presentazioni del governo al riguardo...</example>        
      </sem>
    </syn>
    <commento>DimLex.xml/id="k60"</commento>
  </entry>
  <entry id="172">
    <orth type="cont">
      <part type="phrasal">vale a dire</part>
    </orth>
    <syn type="coodinating">
      <sem>
        <coh-relation>EXPANSION:Specification:Arg2-as-detail(Specification)</coh-relation>
     <example/>
	 </sem>
    </syn> 
	<commento>DimLex.xml/id="k110"</commento>
  </entry>
  <entry id="173">
    <orth type="cont">
      <part type="single">viceversa</part>
    </orth>
    <syn type="coodinating">
      <sem>
        <coh-relation>COMPARISON:Concession:Arg2-as-denier</coh-relation>
        <example/>
      </sem>
      <sem>
        <coh-relation>COMPARISON:Contrast</coh-relation>
        <example/>
      </sem>
    </syn>
    <commento/>
  </entry>
</lico>
