{"entry":[{"id":25,"word":"in addition","orths":{"orth":[{"canonical":0,"orth_id":"25o1","type":"cont","part":[{"type":"phrasal","t":"In addition"}]},{"canonical":1,"orth_id":"25o2","type":"cont","part":[{"type":"phrasal","t":"in addition"}]}]},"syn":[{"cat":{"t":"PP"},"sem":[{"pdtb2_relation":[{"anno_N":165,"freq":165,"sense":"Expansion.Conjunction"}]}]}]},{"id":80,"word":"lest","orths":{"orth":[{"canonical":1,"orth_id":"80o1","type":"cont","part":[{"type":"single","t":"lest"}]}]},"syn":[{"cat":{"t":"IN"},"sem":[{"pdtb2_relation":[{"anno_N":2,"freq":1,"sense":"Contingency.Condition.Hypothetical"}]},{"pdtb2_relation":[{"anno_N":2,"freq":1,"sense":"Expansion.Alternative.Disjunctive"}]}]}]},{"id":37,"word":"indeed","orths":{"orth":[{"canonical":0,"orth_id":"37o1","type":"cont","part":[{"type":"single","t":"Indeed"}]},{"canonical":1,"orth_id":"37o2","type":"cont","part":[{"type":"single","t":"indeed"}]}]},"syn":[{"cat":{"t":"ADVP"},"sem":[{"pdtb2_relation":[{"anno_N":104,"freq":1,"sense":"Comparison"}]},{"pdtb2_relation":[{"anno_N":104,"freq":54,"sense":"Expansion.Conjunction"}]},{"pdtb2_relation":[{"anno_N":104,"freq":1,"sense":"Expansion.Instantiation"}]},{"pdtb2_relation":[{"anno_N":104,"freq":4,"sense":"Contingency.Pragmatic cause.Justification"}]},{"pdtb2_relation":[{"anno_N":104,"freq":1,"sense":"Expansion.Restatement.Equivalence"}]},{"pdtb2_relation":[{"anno_N":104,"freq":3,"sense":"Expansion"}]},{"pdtb2_relation":[{"anno_N":104,"freq":1,"sense":"Expansion.Restatement.Generalization"}]},{"pdtb2_relation":[{"anno_N":104,"freq":31,"sense":"Expansion.Restatement.Specification"}]},{"pdtb2_relation":[{"anno_N":104,"freq":7,"sense":"Expansion.Restatement"}]}]},{"cat":{"t":"INTJ"},"sem":[{"pdtb2_relation":[{"anno_N":104,"freq":1,"sense":"Expansion.Restatement.Specification"}]}]}]},{"id":21,"word":"still","orths":{"orth":[{"canonical":1,"orth_id":"21o1","type":"cont","part":[{"type":"single","t":"still"}]},{"canonical":0,"orth_id":"21o2","type":"cont","part":[{"type":"single","t":"Still"}]}]},"syn":[{"cat":{"t":"INTJ"},"sem":[{"pdtb2_relation":[{"anno_N":190,"freq":2,"sense":"Comparison.Contrast"}]},{"pdtb2_relation":[{"anno_N":190,"freq":1,"sense":"Comparison.Concession.Contra-expectation"}]}]},{"cat":{"t":"ADVP-TMP"},"sem":[{"pdtb2_relation":[{"anno_N":190,"freq":14,"sense":"Comparison.Contrast"}]},{"pdtb2_relation":[{"anno_N":190,"freq":7,"sense":"Comparison.Contrast.Juxtaposition"}]},{"pdtb2_relation":[{"anno_N":190,"freq":15,"sense":"Comparison.Concession.Contra-expectation"}]},{"pdtb2_relation":[{"anno_N":190,"freq":1,"sense":"Comparison.Contrast.Opposition"}]}]},{"cat":{"t":"ADVP"},"sem":[{"pdtb2_relation":[{"anno_N":190,"freq":8,"sense":"Comparison"}]},{"pdtb2_relation":[{"anno_N":190,"freq":1,"sense":"Comparison.Concession"}]},{"pdtb2_relation":[{"anno_N":190,"freq":16,"sense":"Comparison.Contrast.Juxtaposition"}]},{"pdtb2_relation":[{"anno_N":190,"freq":4,"sense":"Comparison.Contrast.Opposition"}]},{"pdtb2_relation":[{"anno_N":190,"freq":64,"sense":"Comparison.Concession.Contra-expectation"}]},{"pdtb2_relation":[{"anno_N":190,"freq":2,"sense":"Temporal.Asynchronous.Precedence"}]},{"pdtb2_relation":[{"anno_N":190,"freq":52,"sense":"Comparison.Contrast"}]},{"pdtb2_relation":[{"anno_N":190,"freq":2,"sense":"Comparison.Concession.Expectation"}]},{"pdtb2_relation":[{"anno_N":190,"freq":1,"sense":"Temporal.Synchrony"}]}]}]},{"id":33,"word":"yet","orths":{"orth":[{"canonical":0,"orth_id":"33o1","type":"cont","part":[{"type":"single","t":"Yet"}]},{"canonical":1,"orth_id":"33o2","type":"cont","part":[{"type":"single","t":"yet"}]}]},"syn":[{"cat":{"t":"CC"},"sem":[{"pdtb2_relation":[{"anno_N":101,"freq":4,"sense":"Comparison"}]},{"pdtb2_relation":[{"anno_N":101,"freq":2,"sense":"Expansion.Conjunction"}]},{"pdtb2_relation":[{"anno_N":101,"freq":5,"sense":"Comparison.Contrast.Juxtaposition"}]},{"pdtb2_relation":[{"anno_N":101,"freq":1,"sense":"Comparison.Contrast.Opposition"}]},{"pdtb2_relation":[{"anno_N":101,"freq":16,"sense":"Comparison.Concession.Contra-expectation"}]},{"pdtb2_relation":[{"anno_N":101,"freq":11,"sense":"Comparison.Contrast"}]}]},{"cat":{"t":"ADVP"},"sem":[{"pdtb2_relation":[{"anno_N":101,"freq":8,"sense":"Comparison"}]},{"pdtb2_relation":[{"anno_N":101,"freq":1,"sense":"Expansion.Conjunction"}]},{"pdtb2_relation":[{"anno_N":101,"freq":10,"sense":"Comparison.Contrast.Juxtaposition"}]},{"pdtb2_relation":[{"anno_N":101,"freq":1,"sense":"Comparison.Contrast.Opposition"}]},{"pdtb2_relation":[{"anno_N":101,"freq":13,"sense":"Comparison.Concession.Contra-expectation"}]},{"pdtb2_relation":[{"anno_N":101,"freq":8,"sense":"Comparison.Contrast"}]}]},{"cat":{"t":"RB"},"sem":[{"pdtb2_relation":[{"anno_N":101,"freq":7,"sense":"Comparison.Contrast"}]},{"pdtb2_relation":[{"anno_N":101,"freq":6,"sense":"Comparison.Contrast.Juxtaposition"}]},{"pdtb2_relation":[{"anno_N":101,"freq":4,"sense":"Comparison.Concession.Contra-expectation"}]},{"pdtb2_relation":[{"anno_N":101,"freq":4,"sense":"Comparison.Contrast.Opposition"}]}]}]},{"id":56,"word":"by comparison","orths":{"orth":[{"canonical":1,"orth_id":"56o1","type":"cont","part":[{"type":"phrasal","t":"by comparison"}]},{"canonical":0,"orth_id":"56o2","type":"cont","part":[{"type":"phrasal","t":"By comparison"}]}]},"syn":[{"cat":{"t":"PP"},"sem":[{"pdtb2_relation":[{"anno_N":11,"freq":1,"sense":"Comparison"}]},{"pdtb2_relation":[{"anno_N":11,"freq":3,"sense":"Comparison.Contrast"}]},{"pdtb2_relation":[{"anno_N":11,"freq":7,"sense":"Comparison.Contrast.Juxtaposition"}]}]}]},{"id":18,"word":"also","orths":{"orth":[{"canonical":1,"orth_id":"18o1","type":"cont","part":[{"type":"single","t":"also"}]},{"canonical":0,"orth_id":"18o2","type":"cont","part":[{"type":"single","t":"Also"}]}]},"syn":[{"cat":{"t":"ADVP-PRD"},"sem":[{"pdtb2_relation":[{"anno_N":1746,"freq":2,"sense":"Expansion.Conjunction"}]}]},{"cat":{"t":"ADVP"},"sem":[{"pdtb2_relation":[{"anno_N":1746,"freq":10,"sense":"Expansion.List"}]},{"pdtb2_relation":[{"anno_N":1746,"freq":1712,"sense":"Expansion.Conjunction"}]},{"pdtb2_relation":[{"anno_N":1746,"freq":1,"sense":"Expansion.Restatement.Specification"}]},{"pdtb2_relation":[{"anno_N":1746,"freq":1,"sense":"Temporal.Synchrony"}]}]},{"cat":{"t":"RB"},"sem":[{"pdtb2_relation":[{"anno_N":1746,"freq":20,"sense":"Expansion.Conjunction"}]}]}]},{"id":76,"word":"except","orths":{"orth":[{"canonical":1,"orth_id":"76o1","type":"cont","part":[{"type":"single","t":"except"}]},{"canonical":0,"orth_id":"76o2","type":"cont","part":[{"type":"single","t":"Except"}]}]},"syn":[{"cat":{"t":"VB"},"sem":[{"pdtb2_relation":[{"anno_N":10,"freq":1,"sense":"Expansion.Exception"}]}]},{"cat":{"t":"IN"},"sem":[{"pdtb2_relation":[{"anno_N":10,"freq":8,"sense":"Expansion.Exception"}]},{"pdtb2_relation":[{"anno_N":10,"freq":1,"sense":"Expansion.Alternative.Disjunctive"}]}]}]},{"id":66,"word":"meantime","orths":{"orth":[{"canonical":1,"orth_id":"66o1","type":"cont","part":[{"type":"single","t":"meantime"}]},{"canonical":0,"orth_id":"66o2","type":"cont","part":[{"type":"single","t":"Meantime"}]}]},"syn":[{"cat":{"t":"PP-TMP"},"sem":[{"pdtb2_relation":[{"anno_N":15,"freq":1,"sense":"Temporal.Asynchronous.Succession"}]},{"pdtb2_relation":[{"anno_N":15,"freq":1,"sense":"Expansion.Conjunction"}]},{"pdtb2_relation":[{"anno_N":15,"freq":1,"sense":"Temporal.Asynchronous"}]},{"pdtb2_relation":[{"anno_N":15,"freq":11,"sense":"Temporal.Synchrony"}]}]},{"cat":{"t":"ADVP-TMP"},"sem":[{"pdtb2_relation":[{"anno_N":15,"freq":1,"sense":"Expansion.Conjunction"}]}]}]},{"id":59,"word":"finally","orths":{"orth":[{"canonical":1,"orth_id":"59o1","type":"cont","part":[{"type":"single","t":"finally"}]},{"canonical":0,"orth_id":"59o2","type":"cont","part":[{"type":"single","t":"Finally"}]}]},"syn":[{"cat":{"t":"ADVP"},"sem":[{"pdtb2_relation":[{"anno_N":32,"freq":5,"sense":"Expansion.List"}]},{"pdtb2_relation":[{"anno_N":32,"freq":6,"sense":"Temporal.Asynchronous.Precedence"}]},{"pdtb2_relation":[{"anno_N":32,"freq":8,"sense":"Expansion.Conjunction"}]},{"pdtb2_relation":[{"anno_N":32,"freq":1,"sense":"Expansion"}]}]},{"cat":{"t":"ADVP-TMP"},"sem":[{"pdtb2_relation":[{"anno_N":32,"freq":2,"sense":"Expansion.List"}]},{"pdtb2_relation":[{"anno_N":32,"freq":6,"sense":"Temporal.Asynchronous.Precedence"}]},{"pdtb2_relation":[{"anno_N":32,"freq":4,"sense":"Expansion.Conjunction"}]}]}]},{"id":75,"word":"as soon as","orths":{"orth":[{"canonical":1,"orth_id":"75o1","type":"cont","part":[{"type":"phrasal","t":"as soon as"}]},{"canonical":0,"orth_id":"75o2","type":"cont","part":[{"type":"phrasal","t":"As soon as"}]}]},"syn":[{"cat":{"t":"phrase"},"sem":[{"pdtb2_relation":[{"anno_N":20,"freq":9,"sense":"Temporal.Synchrony"}]},{"pdtb2_relation":[{"anno_N":20,"freq":11,"sense":"Temporal.Asynchronous.Succession"}]}]}]},{"id":14,"word":"then","orths":{"orth":[{"canonical":0,"orth_id":"14o1","type":"cont","part":[{"type":"single","t":"Then"}]},{"canonical":1,"orth_id":"14o2","type":"cont","part":[{"type":"single","t":"then"}]}]},"syn":[{"cat":{"t":"ADVP-TMP-2"},"sem":[{"pdtb2_relation":[{"anno_N":340,"freq":1,"sense":"Temporal.Asynchronous.Precedence"}]}]},{"cat":{"t":"ADVP-TMP=2"},"sem":[{"pdtb2_relation":[{"anno_N":340,"freq":1,"sense":"Temporal.Asynchronous.Precedence"}]}]},{"cat":{"t":"ADVP-TMP"},"sem":[{"pdtb2_relation":[{"anno_N":340,"freq":1,"sense":"Expansion.List"}]},{"pdtb2_relation":[{"anno_N":340,"freq":2,"sense":"Expansion.Conjunction"}]},{"pdtb2_relation":[{"anno_N":340,"freq":1,"sense":"Contingency.Condition.Unreal present"}]},{"pdtb2_relation":[{"anno_N":340,"freq":1,"sense":"Comparison.Concession.Contra-expectation"}]},{"pdtb2_relation":[{"anno_N":340,"freq":159,"sense":"Temporal.Asynchronous.Precedence"}]},{"pdtb2_relation":[{"anno_N":340,"freq":4,"sense":"Temporal.Synchrony"}]}]},{"cat":{"t":"RB"},"sem":[{"pdtb2_relation":[{"anno_N":340,"freq":1,"sense":"Contingency.Cause.Reason"}]},{"pdtb2_relation":[{"anno_N":340,"freq":81,"sense":"Temporal.Asynchronous.Precedence"}]},{"pdtb2_relation":[{"anno_N":340,"freq":3,"sense":"Expansion.Conjunction"}]},{"pdtb2_relation":[{"anno_N":340,"freq":1,"sense":"Comparison.Contrast"}]}]},{"cat":{"t":"ADVP"},"sem":[{"pdtb2_relation":[{"anno_N":340,"freq":1,"sense":"Expansion.List"}]},{"pdtb2_relation":[{"anno_N":340,"freq":6,"sense":"Expansion.Conjunction"}]},{"pdtb2_relation":[{"anno_N":340,"freq":1,"sense":"Comparison"}]},{"pdtb2_relation":[{"anno_N":340,"freq":1,"sense":"Expansion.Alternative"}]},{"pdtb2_relation":[{"anno_N":340,"freq":4,"sense":"Contingency.Cause.Result"}]},{"pdtb2_relation":[{"anno_N":340,"freq":70,"sense":"Temporal.Asynchronous.Precedence"}]},{"pdtb2_relation":[{"anno_N":340,"freq":1,"sense":"Temporal.Synchrony"}]}]}]},{"id":62,"word":"thereby","orths":{"orth":[{"canonical":1,"orth_id":"62o1","type":"cont","part":[{"type":"single","t":"thereby"}]}]},"syn":[{"cat":{"t":"ADVP"},"sem":[{"pdtb2_relation":[{"anno_N":12,"freq":12,"sense":"Contingency.Cause.Result"}]}]}]},{"id":32,"word":"meanwhile","orths":{"orth":[{"canonical":1,"orth_id":"32o1","type":"cont","part":[{"type":"single","t":"meanwhile"}]},{"canonical":0,"orth_id":"32o2","type":"cont","part":[{"type":"single","t":"Meanwhile"}]}]},"syn":[{"cat":{"t":"PP-TMP"},"sem":[{"pdtb2_relation":[{"anno_N":193,"freq":1,"sense":"Temporal.Synchrony"}]}]},{"cat":{"t":"ADVP-TMP"},"sem":[{"pdtb2_relation":[{"anno_N":193,"freq":53,"sense":"Expansion.Conjunction"}]},{"pdtb2_relation":[{"anno_N":193,"freq":16,"sense":"Comparison.Contrast.Juxtaposition"}]},{"pdtb2_relation":[{"anno_N":193,"freq":5,"sense":"Comparison.Contrast.Opposition"}]},{"pdtb2_relation":[{"anno_N":193,"freq":1,"sense":"Comparison.Concession.Contra-expectation"}]},{"pdtb2_relation":[{"anno_N":193,"freq":4,"sense":"Comparison.Contrast"}]},{"pdtb2_relation":[{"anno_N":193,"freq":81,"sense":"Temporal.Synchrony"}]}]},{"cat":{"t":"ADVP"},"sem":[{"pdtb2_relation":[{"anno_N":193,"freq":1,"sense":"Comparison.Contrast"}]},{"pdtb2_relation":[{"anno_N":193,"freq":1,"sense":"Comparison.Contrast.Opposition"}]},{"pdtb2_relation":[{"anno_N":193,"freq":17,"sense":"Expansion.Conjunction"}]},{"pdtb2_relation":[{"anno_N":193,"freq":1,"sense":"Comparison.Contrast.Juxtaposition"}]},{"pdtb2_relation":[{"anno_N":193,"freq":12,"sense":"Temporal.Synchrony"}]}]}]},{"id":55,"word":"overall","orths":{"orth":[{"canonical":1,"orth_id":"55o1","type":"cont","part":[{"type":"single","t":"overall"}]},{"canonical":0,"orth_id":"55o2","type":"cont","part":[{"type":"single","t":"Overall"}]}]},"syn":[{"cat":{"t":"ADVP"},"sem":[{"pdtb2_relation":[{"anno_N":12,"freq":3,"sense":"Expansion.Conjunction"}]},{"pdtb2_relation":[{"anno_N":12,"freq":3,"sense":"Expansion.Restatement.Specification"}]},{"pdtb2_relation":[{"anno_N":12,"freq":3,"sense":"Expansion.Restatement"}]},{"pdtb2_relation":[{"anno_N":12,"freq":2,"sense":"Expansion.Restatement.Generalization"}]}]},{"cat":{"t":"JJ"},"sem":[{"pdtb2_relation":[{"anno_N":12,"freq":1,"sense":"Expansion.Restatement.Specification"}]}]}]},{"id":27,"word":"on the other hand","orths":{"orth":[{"canonical":0,"orth_id":"27o1","type":"cont","part":[{"type":"phrasal","t":"On the other hand"}]},{"canonical":1,"orth_id":"27o2","type":"cont","part":[{"type":"phrasal","t":"on the other hand"}]}]},"syn":[{"cat":{"t":"PP"},"sem":[{"pdtb2_relation":[{"anno_N":37,"freq":1,"sense":"Comparison"}]},{"pdtb2_relation":[{"anno_N":37,"freq":13,"sense":"Comparison.Contrast"}]},{"pdtb2_relation":[{"anno_N":37,"freq":12,"sense":"Comparison.Contrast.Juxtaposition"}]},{"pdtb2_relation":[{"anno_N":37,"freq":1,"sense":"Expansion.Conjunction"}]},{"pdtb2_relation":[{"anno_N":37,"freq":8,"sense":"Comparison.Contrast.Opposition"}]}]},{"cat":{"t":"PP-LOC"},"sem":[{"pdtb2_relation":[{"anno_N":37,"freq":1,"sense":"Comparison.Contrast"}]},{"pdtb2_relation":[{"anno_N":37,"freq":1,"sense":"Comparison.Contrast.Opposition"}]}]}]},{"id":95,"word":"in sum","orths":{"orth":[{"canonical":0,"orth_id":"95o1","type":"cont","part":[{"type":"phrasal","t":"In sum"}]}]},"syn":[{"cat":{"t":"PP"},"sem":[{"pdtb2_relation":[{"anno_N":2,"freq":2,"sense":"Expansion.Restatement.Generalization"}]}]}]},{"id":16,"word":"as long as","orths":{"orth":[{"canonical":1,"orth_id":"16o1","type":"cont","part":[{"type":"phrasal","t":"as long as"}]},{"canonical":0,"orth_id":"16o2","type":"cont","part":[{"type":"phrasal","t":"As long as"}]}]},"syn":[{"cat":{"t":"phrase"},"sem":[{"pdtb2_relation":[{"anno_N":24,"freq":8,"sense":"Contingency.Condition.Hypothetical"}]},{"pdtb2_relation":[{"anno_N":24,"freq":6,"sense":"Contingency.Condition.General"}]},{"pdtb2_relation":[{"anno_N":24,"freq":2,"sense":"Contingency.Condition.Factual present"}]},{"pdtb2_relation":[{"anno_N":24,"freq":7,"sense":"Temporal.Synchrony"}]}]},{"cat":{"t":"ADVP"},"sem":[{"pdtb2_relation":[{"anno_N":24,"freq":1,"sense":"Temporal.Synchrony"}]}]}]},{"id":52,"word":"nor","orths":{"orth":[{"canonical":1,"orth_id":"52o1","type":"cont","part":[{"type":"single","t":"nor"}]},{"canonical":0,"orth_id":"52o2","type":"cont","part":[{"type":"single","t":"Nor"}]}]},"syn":[{"cat":{"t":"CC"},"sem":[{"pdtb2_relation":[{"anno_N":31,"freq":2,"sense":"Expansion.Alternative"}]},{"pdtb2_relation":[{"anno_N":31,"freq":1,"sense":"Comparison.Contrast"}]},{"pdtb2_relation":[{"anno_N":31,"freq":25,"sense":"Expansion.Conjunction"}]},{"pdtb2_relation":[{"anno_N":31,"freq":3,"sense":"Expansion.Alternative.Conjunctive"}]}]}]},{"id":67,"word":"by contrast","orths":{"orth":[{"canonical":0,"orth_id":"67o1","type":"cont","part":[{"type":"phrasal","t":"By contrast"}]},{"canonical":1,"orth_id":"67o2","type":"cont","part":[{"type":"phrasal","t":"by contrast"}]}]},"syn":[{"cat":{"t":"PP"},"sem":[{"pdtb2_relation":[{"anno_N":27,"freq":11,"sense":"Comparison.Contrast"}]},{"pdtb2_relation":[{"anno_N":27,"freq":12,"sense":"Comparison.Contrast.Juxtaposition"}]},{"pdtb2_relation":[{"anno_N":27,"freq":4,"sense":"Comparison.Contrast.Opposition"}]}]}]},{"id":70,"word":"in the end","orths":{"orth":[{"canonical":1,"orth_id":"70o1","type":"cont","part":[{"type":"phrasal","t":"in the end"}]},{"canonical":0,"orth_id":"70o2","type":"cont","part":[{"type":"phrasal","t":"In the end"}]}]},"syn":[{"cat":{"t":"PP-TMP"},"sem":[{"pdtb2_relation":[{"anno_N":9,"freq":1,"sense":"Contingency.Cause.Result"}]},{"pdtb2_relation":[{"anno_N":9,"freq":1,"sense":"Comparison.Contrast.Juxtaposition"}]},{"pdtb2_relation":[{"anno_N":9,"freq":1,"sense":"Expansion"}]},{"pdtb2_relation":[{"anno_N":9,"freq":1,"sense":"Comparison.Concession.Contra-expectation"}]},{"pdtb2_relation":[{"anno_N":9,"freq":2,"sense":"Expansion.Restatement.Generalization"}]},{"pdtb2_relation":[{"anno_N":9,"freq":1,"sense":"Temporal.Asynchronous.Precedence"}]}]},{"cat":{"t":"PP"},"sem":[{"pdtb2_relation":[{"anno_N":9,"freq":1,"sense":"Expansion.Conjunction"}]},{"pdtb2_relation":[{"anno_N":9,"freq":1,"sense":"Expansion.Restatement.Specification"}]}]}]},{"id":97,"word":"insofar as","orths":{"orth":[{"canonical":0,"orth_id":"97o1","type":"cont","part":[{"type":"phrasal","t":"Insofar as"}]}]},"syn":[{"cat":{"t":"phrase"},"sem":[{"pdtb2_relation":[{"anno_N":1,"freq":1,"sense":"Contingency.Cause.Reason"}]}]}]},{"id":53,"word":"alternatively","orths":{"orth":[{"canonical":1,"orth_id":"53o1","type":"cont","part":[{"type":"single","t":"alternatively"}]},{"canonical":0,"orth_id":"53o2","type":"cont","part":[{"type":"single","t":"Alternatively"}]}]},"syn":[{"cat":{"t":"ADVP"},"sem":[{"pdtb2_relation":[{"anno_N":6,"freq":2,"sense":"Expansion.Alternative"}]},{"pdtb2_relation":[{"anno_N":6,"freq":4,"sense":"Expansion.Alternative.Disjunctive"}]}]}]},{"id":20,"word":"separately","orths":{"orth":[{"canonical":0,"orth_id":"20o1","type":"cont","part":[{"type":"single","t":"Separately"}]},{"canonical":1,"orth_id":"20o2","type":"cont","part":[{"type":"single","t":"separately"}]}]},"syn":[{"cat":{"t":"ADVP-MNR"},"sem":[{"pdtb2_relation":[{"anno_N":74,"freq":1,"sense":"Expansion.Alternative"}]},{"pdtb2_relation":[{"anno_N":74,"freq":6,"sense":"Expansion.Conjunction"}]}]},{"cat":{"t":"ADVP"},"sem":[{"pdtb2_relation":[{"anno_N":74,"freq":1,"sense":"Expansion.List"}]},{"pdtb2_relation":[{"anno_N":74,"freq":66,"sense":"Expansion.Conjunction"}]}]}]},{"id":4,"word":"because","orths":{"orth":[{"canonical":1,"orth_id":"4o1","type":"cont","part":[{"type":"single","t":"because"}]},{"canonical":0,"orth_id":"4o2","type":"cont","part":[{"type":"single","t":"Because"}]}]},"syn":[{"cat":{"t":"phrase"},"sem":[{"pdtb2_relation":[{"anno_N":858,"freq":73,"sense":"Contingency.Cause.Reason"}]},{"pdtb2_relation":[{"anno_N":858,"freq":2,"sense":"Contingency.Pragmatic condition.Implicit assertion"}]}]},{"cat":{"t":"RB"},"sem":[{"pdtb2_relation":[{"anno_N":858,"freq":14,"sense":"Contingency.Cause.Reason"}]}]},{"cat":{"t":"IN"},"sem":[{"pdtb2_relation":[{"anno_N":858,"freq":2,"sense":"Contingency.Pragmatic cause.Justification"}]},{"pdtb2_relation":[{"anno_N":858,"freq":767,"sense":"Contingency.Cause.Reason"}]}]}]},{"id":77,"word":"in short","orths":{"orth":[{"canonical":0,"orth_id":"77o1","type":"cont","part":[{"type":"phrasal","t":"In short"}]}]},"syn":[{"cat":{"t":"PP"},"sem":[{"pdtb2_relation":[{"anno_N":4,"freq":4,"sense":"Expansion.Restatement.Generalization"}]}]}]},{"id":99,"word":"as an alternative","orths":{"orth":[{"canonical":0,"orth_id":"99o1","type":"cont","part":[{"type":"phrasal","t":"As an alternative"}]}]},"syn":[{"cat":{"t":"PP"},"sem":[{"pdtb2_relation":[{"anno_N":2,"freq":2,"sense":"Expansion.Alternative.Disjunctive"}]}]}]},{"id":46,"word":"further","orths":{"orth":[{"canonical":0,"orth_id":"46o1","type":"cont","part":[{"type":"single","t":"Further"}]},{"canonical":1,"orth_id":"46o2","type":"cont","part":[{"type":"single","t":"further"}]}]},"syn":[{"cat":{"t":"ADVP"},"sem":[{"pdtb2_relation":[{"anno_N":9,"freq":8,"sense":"Expansion.Conjunction"}]}]},{"cat":{"t":"RBR"},"sem":[{"pdtb2_relation":[{"anno_N":9,"freq":1,"sense":"Expansion.Conjunction"}]}]}]},{"id":39,"word":"ultimately","orths":{"orth":[{"canonical":1,"orth_id":"39o1","type":"cont","part":[{"type":"single","t":"ultimately"}]},{"canonical":0,"orth_id":"39o2","type":"cont","part":[{"type":"single","t":"Ultimately"}]}]},"syn":[{"cat":{"t":"ADVP-TMP"},"sem":[{"pdtb2_relation":[{"anno_N":18,"freq":4,"sense":"Temporal.Asynchronous.Precedence"}]},{"pdtb2_relation":[{"anno_N":18,"freq":2,"sense":"Expansion.Conjunction"}]},{"pdtb2_relation":[{"anno_N":18,"freq":1,"sense":"Expansion"}]}]},{"cat":{"t":"ADVP"},"sem":[{"pdtb2_relation":[{"anno_N":18,"freq":10,"sense":"Temporal.Asynchronous.Precedence"}]},{"pdtb2_relation":[{"anno_N":18,"freq":1,"sense":"Expansion.Restatement"}]}]}]},{"id":94,"word":"for","orths":{"orth":[{"canonical":1,"orth_id":"94o1","type":"cont","part":[{"type":"single","t":"for"}]},{"canonical":0,"orth_id":"94o2","type":"cont","part":[{"type":"single","t":"For"}]}]},"syn":[{"cat":{"t":"IN"},"sem":[{"pdtb2_relation":[{"anno_N":3,"freq":3,"sense":"Contingency.Cause.Reason"}]}]}]},{"id":79,"word":"furthermore","orths":{"orth":[{"canonical":0,"orth_id":"79o1","type":"cont","part":[{"type":"single","t":"Furthermore"}]},{"canonical":1,"orth_id":"79o2","type":"cont","part":[{"type":"single","t":"furthermore"}]}]},"syn":[{"cat":{"t":"ADVP"},"sem":[{"pdtb2_relation":[{"anno_N":11,"freq":11,"sense":"Expansion.Conjunction"}]}]}]},{"id":34,"word":"since","orths":{"orth":[{"canonical":1,"orth_id":"34o1","type":"cont","part":[{"type":"single","t":"since"}]},{"canonical":0,"orth_id":"34o2","type":"cont","part":[{"type":"single","t":"Since"}]}]},"syn":[{"cat":{"t":"phrase"},"sem":[{"pdtb2_relation":[{"anno_N":184,"freq":6,"sense":"Contingency.Cause.Reason"}]},{"pdtb2_relation":[{"anno_N":184,"freq":6,"sense":"Temporal.Asynchronous.Succession"}]}]},{"cat":{"t":"ADVP-TMP"},"sem":[{"pdtb2_relation":[{"anno_N":184,"freq":1,"sense":"Temporal.Asynchronous.Precedence"}]}]},{"cat":{"t":"IN"},"sem":[{"pdtb2_relation":[{"anno_N":184,"freq":1,"sense":"Temporal.Synchrony"}]},{"pdtb2_relation":[{"anno_N":184,"freq":90,"sense":"Contingency.Cause.Reason"}]},{"pdtb2_relation":[{"anno_N":184,"freq":80,"sense":"Temporal.Asynchronous.Succession"}]}]}]},{"id":6,"word":"before","orths":{"orth":[{"canonical":0,"orth_id":"6o1","type":"cont","part":[{"type":"single","t":"Before"}]},{"canonical":1,"orth_id":"6o2","type":"cont","part":[{"type":"single","t":"before"}]}]},"syn":[{"cat":{"t":"phrase"},"sem":[{"pdtb2_relation":[{"anno_N":326,"freq":43,"sense":"Temporal.Asynchronous.Precedence"}]},{"pdtb2_relation":[{"anno_N":326,"freq":1,"sense":"Temporal.Asynchronous.Succession"}]}]},{"cat":{"t":"ADVP-TMP"},"sem":[{"pdtb2_relation":[{"anno_N":326,"freq":2,"sense":"Temporal.Asynchronous.Succession"}]}]},{"cat":{"t":"RB"},"sem":[{"pdtb2_relation":[{"anno_N":326,"freq":13,"sense":"Temporal.Asynchronous.Precedence"}]}]},{"cat":{"t":"IN"},"sem":[{"pdtb2_relation":[{"anno_N":326,"freq":267,"sense":"Temporal.Asynchronous.Precedence"}]}]}]},{"id":19,"word":"after","orths":{"orth":[{"canonical":1,"orth_id":"19o1","type":"cont","part":[{"type":"single","t":"after"}]},{"canonical":0,"orth_id":"19o2","type":"cont","part":[{"type":"single","t":"After"}]}]},"syn":[{"cat":{"t":"phrase"},"sem":[{"pdtb2_relation":[{"anno_N":577,"freq":2,"sense":"Comparison.Concession.Expectation"}]},{"pdtb2_relation":[{"anno_N":577,"freq":88,"sense":"Temporal.Asynchronous.Succession"}]}]},{"cat":{"t":"RB"},"sem":[{"pdtb2_relation":[{"anno_N":577,"freq":10,"sense":"Temporal.Asynchronous.Succession"}]}]},{"cat":{"t":"IN"},"sem":[{"pdtb2_relation":[{"anno_N":577,"freq":477,"sense":"Temporal.Asynchronous.Succession"}]}]}]},{"id":93,"word":"simultaneously","orths":{"orth":[{"canonical":0,"orth_id":"93o1","type":"cont","part":[{"type":"single","t":"Simultaneously"}]},{"canonical":1,"orth_id":"93o2","type":"cont","part":[{"type":"single","t":"simultaneously"}]}]},"syn":[{"cat":{"t":"ADVP-TMP"},"sem":[{"pdtb2_relation":[{"anno_N":6,"freq":6,"sense":"Temporal.Synchrony"}]}]}]},{"id":17,"word":"however","orths":{"orth":[{"canonical":0,"orth_id":"17o1","type":"cont","part":[{"type":"single","t":"However"}]},{"canonical":1,"orth_id":"17o2","type":"cont","part":[{"type":"single","t":"however"}]}]},"syn":[{"cat":{"t":"ADVP"},"sem":[{"pdtb2_relation":[{"anno_N":485,"freq":49,"sense":"Comparison"}]},{"pdtb2_relation":[{"anno_N":485,"freq":2,"sense":"Expansion.Conjunction"}]},{"pdtb2_relation":[{"anno_N":485,"freq":5,"sense":"Comparison.Concession"}]},{"pdtb2_relation":[{"anno_N":485,"freq":89,"sense":"Comparison.Contrast.Juxtaposition"}]},{"pdtb2_relation":[{"anno_N":485,"freq":32,"sense":"Comparison.Contrast.Opposition"}]},{"pdtb2_relation":[{"anno_N":485,"freq":1,"sense":"Comparison.Pragmatic concession"}]},{"pdtb2_relation":[{"anno_N":485,"freq":70,"sense":"Comparison.Concession.Contra-expectation"}]},{"pdtb2_relation":[{"anno_N":485,"freq":1,"sense":"Comparison.Pragmatic contrast"}]},{"pdtb2_relation":[{"anno_N":485,"freq":234,"sense":"Comparison.Contrast"}]},{"pdtb2_relation":[{"anno_N":485,"freq":2,"sense":"Comparison.Concession.Expectation"}]}]}]},{"id":50,"word":"besides","orths":{"orth":[{"canonical":1,"orth_id":"50o1","type":"cont","part":[{"type":"single","t":"besides"}]},{"canonical":0,"orth_id":"50o2","type":"cont","part":[{"type":"single","t":"Besides"}]}]},"syn":[{"cat":{"t":"ADVP"},"sem":[{"pdtb2_relation":[{"anno_N":19,"freq":7,"sense":"Expansion.Conjunction"}]}]},{"cat":{"t":"IN"},"sem":[{"pdtb2_relation":[{"anno_N":19,"freq":1,"sense":"Comparison.Contrast.Juxtaposition"}]},{"pdtb2_relation":[{"anno_N":19,"freq":10,"sense":"Expansion.Conjunction"}]},{"pdtb2_relation":[{"anno_N":19,"freq":1,"sense":"Expansion.Alternative.Conjunctive"}]}]}]},{"id":47,"word":"afterward","orths":{"orth":[{"canonical":0,"orth_id":"47o1","type":"cont","part":[{"type":"single","t":"Afterwards"}]},{"canonical":0,"orth_id":"47o2","type":"cont","part":[{"type":"single","t":"Afterward"}]},{"canonical":1,"orth_id":"47o3","type":"cont","part":[{"type":"single","t":"afterward"}]},{"canonical":0,"orth_id":"47o4","type":"cont","part":[{"type":"single","t":"afterwards"}]}]},"syn":[{"cat":{"t":"ADVP-TMP"},"sem":[{"pdtb2_relation":[{"anno_N":11,"freq":11,"sense":"Temporal.Asynchronous.Precedence"}]}]}]},{"id":40,"word":"as a result","orths":{"orth":[{"canonical":0,"orth_id":"40o1","type":"cont","part":[{"type":"phrasal","t":"As a result"}]},{"canonical":1,"orth_id":"40o2","type":"cont","part":[{"type":"phrasal","t":"as a result"}]}]},"syn":[{"cat":{"t":"PP"},"sem":[{"pdtb2_relation":[{"anno_N":78,"freq":44,"sense":"Contingency.Cause.Result"}]}]},{"cat":{"t":"PP-PRP"},"sem":[{"pdtb2_relation":[{"anno_N":78,"freq":33,"sense":"Contingency.Cause.Result"}]}]},{"cat":{"t":"PP-CLR"},"sem":[{"pdtb2_relation":[{"anno_N":78,"freq":1,"sense":"Contingency.Cause.Result"}]}]}]},{"id":78,"word":"neither nor","orths":{"orth":[{"canonical":1,"orth_id":"78o1","type":"discont","part":[{"type":"single","t":"neither"},{"type":"single","t":"nor"}]}]},"syn":[{"cat":{"t":"phrase"},"sem":[{"pdtb2_relation":[{"anno_N":3,"freq":1,"sense":"Expansion.Alternative.Disjunctive"}]},{"pdtb2_relation":[{"anno_N":3,"freq":1,"sense":"Expansion.Conjunction"}]},{"pdtb2_relation":[{"anno_N":3,"freq":1,"sense":"Comparison.Contrast.Opposition"}]}]}]},{"id":87,"word":"plus","orths":{"orth":[{"canonical":0,"orth_id":"87o1","type":"cont","part":[{"type":"single","t":"Plus"}]}]},"syn":[{"cat":{"t":"CC"},"sem":[{"pdtb2_relation":[{"anno_N":1,"freq":1,"sense":"Expansion.Conjunction"}]}]}]},{"id":41,"word":"either or","orths":{"orth":[{"canonical":0,"orth_id":"41o1","type":"discont","part":[{"type":"single","t":"Either"},{"type":"single","t":"or"}]},{"canonical":1,"orth_id":"41o2","type":"discont","part":[{"type":"single","t":"either"},{"type":"single","t":"or"}]}]},"syn":[{"cat":{"t":"phrase"},"sem":[{"pdtb2_relation":[{"anno_N":4,"freq":1,"sense":"Expansion.Alternative"}]},{"pdtb2_relation":[{"anno_N":4,"freq":2,"sense":"Expansion.Alternative.Disjunctive"}]},{"pdtb2_relation":[{"anno_N":4,"freq":1,"sense":"Expansion.Alternative.Conjunctive"}]}]}]},{"id":89,"word":"hence","orths":{"orth":[{"canonical":0,"orth_id":"89o1","type":"cont","part":[{"type":"single","t":"Hence"}]},{"canonical":1,"orth_id":"89o2","type":"cont","part":[{"type":"single","t":"hence"}]}]},"syn":[{"cat":{"t":"ADVP"},"sem":[{"pdtb2_relation":[{"anno_N":4,"freq":4,"sense":"Contingency.Cause.Result"}]}]}]},{"id":84,"word":"consequently","orths":{"orth":[{"canonical":1,"orth_id":"84o1","type":"cont","part":[{"type":"single","t":"consequently"}]},{"canonical":0,"orth_id":"84o2","type":"cont","part":[{"type":"single","t":"Consequently"}]}]},"syn":[{"cat":{"t":"ADVP-PRP"},"sem":[{"pdtb2_relation":[{"anno_N":10,"freq":1,"sense":"Contingency.Cause.Result"}]}]},{"cat":{"t":"ADVP"},"sem":[{"pdtb2_relation":[{"anno_N":10,"freq":8,"sense":"Contingency.Cause.Result"}]}]},{"cat":{"t":"ADVP-TMP"},"sem":[{"pdtb2_relation":[{"anno_N":10,"freq":1,"sense":"Contingency.Cause.Result"}]}]}]},{"id":23,"word":"or","orths":{"orth":[{"canonical":1,"orth_id":"23o1","type":"cont","part":[{"type":"single","t":"or"}]},{"canonical":0,"orth_id":"23o2","type":"cont","part":[{"type":"single","t":"Or"}]}]},"syn":[{"cat":{"t":"CC"},"sem":[{"pdtb2_relation":[{"anno_N":98,"freq":5,"sense":"Expansion.Conjunction"}]},{"pdtb2_relation":[{"anno_N":98,"freq":2,"sense":"Contingency.Pragmatic condition.Implicit assertion"}]},{"pdtb2_relation":[{"anno_N":98,"freq":12,"sense":"Expansion.Alternative.Disjunctive"}]},{"pdtb2_relation":[{"anno_N":98,"freq":34,"sense":"Expansion.Alternative"}]},{"pdtb2_relation":[{"anno_N":98,"freq":41,"sense":"Expansion.Alternative.Conjunctive"}]},{"pdtb2_relation":[{"anno_N":98,"freq":1,"sense":"Expansion.Restatement.Equivalence"}]},{"pdtb2_relation":[{"anno_N":98,"freq":1,"sense":"Expansion"}]},{"pdtb2_relation":[{"anno_N":98,"freq":1,"sense":"Comparison.Contrast"}]},{"pdtb2_relation":[{"anno_N":98,"freq":1,"sense":"Expansion.Restatement"}]}]}]},{"id":60,"word":"otherwise","orths":{"orth":[{"canonical":1,"orth_id":"60o1","type":"cont","part":[{"type":"single","t":"otherwise"}]},{"canonical":0,"orth_id":"60o2","type":"cont","part":[{"type":"single","t":"Otherwise"}]}]},"syn":[{"cat":{"t":"ADVP"},"sem":[{"pdtb2_relation":[{"anno_N":24,"freq":1,"sense":"Expansion.Alternative.Conjunctive"}]},{"pdtb2_relation":[{"anno_N":24,"freq":2,"sense":"Expansion.Exception"}]},{"pdtb2_relation":[{"anno_N":24,"freq":21,"sense":"Expansion.Alternative.Disjunctive"}]}]}]},{"id":71,"word":"regardless","orths":{"orth":[{"canonical":1,"orth_id":"71o1","type":"cont","part":[{"type":"single","t":"regardless"}]},{"canonical":0,"orth_id":"71o2","type":"cont","part":[{"type":"single","t":"Regardless"}]}]},"syn":[{"cat":{"t":"ADVP"},"sem":[{"pdtb2_relation":[{"anno_N":2,"freq":2,"sense":"Comparison.Concession.Contra-expectation"}]}]}]},{"id":1,"word":"although","orths":{"orth":[{"canonical":1,"orth_id":"1o1","type":"cont","part":[{"type":"single","t":"although"}]},{"canonical":0,"orth_id":"1o2","type":"cont","part":[{"type":"single","t":"Although"}]}]},"syn":[{"cat":{"t":"IN"},"sem":[{"pdtb2_relation":[{"anno_N":328,"freq":16,"sense":"Comparison"}]},{"pdtb2_relation":[{"anno_N":328,"freq":1,"sense":"Expansion.Exception"}]},{"pdtb2_relation":[{"anno_N":328,"freq":1,"sense":"Comparison.Concession"}]},{"pdtb2_relation":[{"anno_N":328,"freq":34,"sense":"Comparison.Contrast.Juxtaposition"}]},{"pdtb2_relation":[{"anno_N":328,"freq":9,"sense":"Comparison.Contrast.Opposition"}]},{"pdtb2_relation":[{"anno_N":328,"freq":21,"sense":"Comparison.Concession.Contra-expectation"}]},{"pdtb2_relation":[{"anno_N":328,"freq":114,"sense":"Comparison.Contrast"}]},{"pdtb2_relation":[{"anno_N":328,"freq":132,"sense":"Comparison.Concession.Expectation"}]}]}]},{"id":10,"word":"previously","orths":{"orth":[{"canonical":0,"orth_id":"10o1","type":"cont","part":[{"type":"single","t":"Previously"}]},{"canonical":1,"orth_id":"10o2","type":"cont","part":[{"type":"single","t":"previously"}]}]},"syn":[{"cat":{"t":"ADVP-TMP"},"sem":[{"pdtb2_relation":[{"anno_N":49,"freq":2,"sense":"Comparison.Contrast.Juxtaposition"}]},{"pdtb2_relation":[{"anno_N":49,"freq":46,"sense":"Temporal.Asynchronous.Succession"}]}]},{"cat":{"t":"ADVP"},"sem":[{"pdtb2_relation":[{"anno_N":49,"freq":1,"sense":"Temporal.Asynchronous.Succession"}]}]}]},{"id":72,"word":"thereafter","orths":{"orth":[{"canonical":1,"orth_id":"72o1","type":"cont","part":[{"type":"single","t":"thereafter"}]},{"canonical":0,"orth_id":"72o2","type":"cont","part":[{"type":"single","t":"Thereafter"}]}]},"syn":[{"cat":{"t":"ADVP-TMP"},"sem":[{"pdtb2_relation":[{"anno_N":11,"freq":10,"sense":"Temporal.Asynchronous.Precedence"}]},{"pdtb2_relation":[{"anno_N":11,"freq":1,"sense":"Temporal.Asynchronous.Succession"}]}]}]},{"id":29,"word":"for instance","orths":{"orth":[{"canonical":1,"orth_id":"29o1","type":"cont","part":[{"type":"phrasal","t":"for instance"}]},{"canonical":0,"orth_id":"29o2","type":"cont","part":[{"type":"phrasal","t":"For instance"}]}]},"syn":[{"cat":{"t":"phrase"},"sem":[{"pdtb2_relation":[{"anno_N":98,"freq":1,"sense":"Expansion.Instantiation"}]}]},{"cat":{"t":"PP"},"sem":[{"pdtb2_relation":[{"anno_N":98,"freq":97,"sense":"Expansion.Instantiation"}]}]}]},{"id":24,"word":"moreover","orths":{"orth":[{"canonical":0,"orth_id":"24o1","type":"cont","part":[{"type":"single","t":"Moreover"}]},{"canonical":1,"orth_id":"24o2","type":"cont","part":[{"type":"single","t":"moreover"}]}]},"syn":[{"cat":{"t":"ADVP"},"sem":[{"pdtb2_relation":[{"anno_N":101,"freq":1,"sense":"Expansion.List"}]},{"pdtb2_relation":[{"anno_N":101,"freq":99,"sense":"Expansion.Conjunction"}]}]},{"cat":{"t":"ADVP-TMP"},"sem":[{"pdtb2_relation":[{"anno_N":101,"freq":1,"sense":"Expansion.Conjunction"}]}]}]},{"id":49,"word":"similarly","orths":{"orth":[{"canonical":1,"orth_id":"49o1","type":"cont","part":[{"type":"single","t":"similarly"}]},{"canonical":0,"orth_id":"49o2","type":"cont","part":[{"type":"single","t":"Similarly"}]}]},"syn":[{"cat":{"t":"ADVP-MNR"},"sem":[{"pdtb2_relation":[{"anno_N":18,"freq":1,"sense":"Expansion.Conjunction"}]}]},{"cat":{"t":"ADVP"},"sem":[{"pdtb2_relation":[{"anno_N":18,"freq":17,"sense":"Expansion.Conjunction"}]}]}]},{"id":7,"word":"for example","orths":{"orth":[{"canonical":1,"orth_id":"7o1","type":"cont","part":[{"type":"phrasal","t":"for example"}]},{"canonical":0,"orth_id":"7o2","type":"cont","part":[{"type":"phrasal","t":"For example"}]}]},"syn":[{"cat":{"t":"PP"},"sem":[{"pdtb2_relation":[{"anno_N":196,"freq":194,"sense":"Expansion.Instantiation"}]},{"pdtb2_relation":[{"anno_N":196,"freq":2,"sense":"Expansion.Restatement.Specification"}]}]}]},{"id":82,"word":"specifically","orths":{"orth":[{"canonical":1,"orth_id":"82o1","type":"cont","part":[{"type":"single","t":"specifically"}]},{"canonical":0,"orth_id":"82o2","type":"cont","part":[{"type":"single","t":"Specifically"}]}]},"syn":[{"cat":{"t":"ADVP-MNR"},"sem":[{"pdtb2_relation":[{"anno_N":10,"freq":1,"sense":"Expansion.Restatement.Specification"}]}]},{"cat":{"t":"ADVP"},"sem":[{"pdtb2_relation":[{"anno_N":10,"freq":1,"sense":"Expansion.Conjunction"}]},{"pdtb2_relation":[{"anno_N":10,"freq":8,"sense":"Expansion.Restatement.Specification"}]}]}]},{"id":48,"word":"next","orths":{"orth":[{"canonical":0,"orth_id":"48o1","type":"cont","part":[{"type":"single","t":"Next"}]},{"canonical":1,"orth_id":"48o2","type":"cont","part":[{"type":"single","t":"next"}]}]},"syn":[{"cat":{"t":"ADVP-TMP"},"sem":[{"pdtb2_relation":[{"anno_N":7,"freq":5,"sense":"Temporal.Asynchronous.Precedence"}]},{"pdtb2_relation":[{"anno_N":7,"freq":1,"sense":"Expansion.Conjunction"}]}]},{"cat":{"t":"RB"},"sem":[{"pdtb2_relation":[{"anno_N":7,"freq":1,"sense":"Temporal.Asynchronous.Precedence"}]}]}]},{"id":91,"word":"accordingly","orths":{"orth":[{"canonical":0,"orth_id":"91o1","type":"cont","part":[{"type":"single","t":"Accordingly"}]},{"canonical":1,"orth_id":"91o2","type":"cont","part":[{"type":"single","t":"accordingly"}]}]},"syn":[{"cat":{"t":"ADVP-MNR"},"sem":[{"pdtb2_relation":[{"anno_N":5,"freq":1,"sense":"Contingency.Cause.Result"}]}]},{"cat":{"t":"ADVP"},"sem":[{"pdtb2_relation":[{"anno_N":5,"freq":4,"sense":"Contingency.Cause.Result"}]}]}]},{"id":42,"word":"therefore","orths":{"orth":[{"canonical":1,"orth_id":"42o1","type":"cont","part":[{"type":"single","t":"therefore"}]},{"canonical":0,"orth_id":"42o2","type":"cont","part":[{"type":"single","t":"Therefore"}]}]},"syn":[{"cat":{"t":"ADVP"},"sem":[{"pdtb2_relation":[{"anno_N":26,"freq":26,"sense":"Contingency.Cause.Result"}]}]}]},{"id":92,"word":"on the contrary","orths":{"orth":[{"canonical":0,"orth_id":"92o1","type":"cont","part":[{"type":"phrasal","t":"On the contrary"}]}]},"syn":[{"cat":{"t":"PP"},"sem":[{"pdtb2_relation":[{"anno_N":4,"freq":2,"sense":"Comparison.Contrast"}]},{"pdtb2_relation":[{"anno_N":4,"freq":1,"sense":"Comparison.Contrast.Juxtaposition"}]},{"pdtb2_relation":[{"anno_N":4,"freq":1,"sense":"Comparison.Contrast.Opposition"}]}]}]},{"id":45,"word":"in particular","orths":{"orth":[{"canonical":1,"orth_id":"45o1","type":"cont","part":[{"type":"phrasal","t":"in particular"}]},{"canonical":0,"orth_id":"45o2","type":"cont","part":[{"type":"phrasal","t":"In particular"}]}]},"syn":[{"cat":{"t":"PP"},"sem":[{"pdtb2_relation":[{"anno_N":15,"freq":9,"sense":"Expansion.Restatement.Specification"}]},{"pdtb2_relation":[{"anno_N":15,"freq":6,"sense":"Expansion.Instantiation"}]}]}]},{"id":8,"word":"until","orths":{"orth":[{"canonical":0,"orth_id":"8o1","type":"cont","part":[{"type":"single","t":"Until"}]},{"canonical":1,"orth_id":"8o2","type":"cont","part":[{"type":"single","t":"until"}]}]},"syn":[{"cat":{"t":"phrase"},"sem":[{"pdtb2_relation":[{"anno_N":162,"freq":4,"sense":"Temporal.Asynchronous.Precedence"}]},{"pdtb2_relation":[{"anno_N":162,"freq":1,"sense":"Expansion.Alternative.Disjunctive"}]}]},{"cat":{"t":"IN"},"sem":[{"pdtb2_relation":[{"anno_N":162,"freq":16,"sense":"Contingency.Condition.Hypothetical"}]},{"pdtb2_relation":[{"anno_N":162,"freq":2,"sense":"Expansion.Alternative.Disjunctive"}]},{"pdtb2_relation":[{"anno_N":162,"freq":2,"sense":"Contingency.Condition.General"}]},{"pdtb2_relation":[{"anno_N":162,"freq":7,"sense":"Temporal.Asynchronous.Succession"}]},{"pdtb2_relation":[{"anno_N":162,"freq":129,"sense":"Temporal.Asynchronous.Precedence"}]},{"pdtb2_relation":[{"anno_N":162,"freq":1,"sense":"Temporal.Synchrony"}]}]}]},{"id":68,"word":"if then","orths":{"orth":[{"canonical":0,"orth_id":"68o1","type":"discont","part":[{"type":"single","t":"If"},{"type":"single","t":"then"}]},{"canonical":1,"orth_id":"68o2","type":"discont","part":[{"type":"single","t":"if"},{"type":"single","t":"then"}]}]},"syn":[{"cat":{"t":"phrase"},"sem":[{"pdtb2_relation":[{"anno_N":38,"freq":22,"sense":"Contingency.Condition.Hypothetical"}]},{"pdtb2_relation":[{"anno_N":38,"freq":5,"sense":"Contingency.Condition.General"}]},{"pdtb2_relation":[{"anno_N":38,"freq":1,"sense":"Contingency.Condition.Unreal past"}]},{"pdtb2_relation":[{"anno_N":38,"freq":1,"sense":"Contingency.Pragmatic condition.Implicit assertion"}]},{"pdtb2_relation":[{"anno_N":38,"freq":9,"sense":"Contingency.Condition.Factual present"}]}]}]},{"id":96,"word":"when and if","orths":{"orth":[{"canonical":0,"orth_id":"96o1","type":"cont","part":[{"type":"phrasal","t":"When and if"}]}]},"syn":[{"cat":{"t":"UCP"},"sem":[{"pdtb2_relation":[{"anno_N":1,"freq":1,"sense":"Temporal.Asynchronous.Succession"}]}]}]},{"id":3,"word":"but","orths":{"orth":[{"canonical":1,"orth_id":"3o1","type":"cont","part":[{"type":"single","t":"but"}]},{"canonical":0,"orth_id":"3o2","type":"cont","part":[{"type":"single","t":"But"}]}]},"syn":[{"cat":{"t":"CC"},"sem":[{"pdtb2_relation":[{"anno_N":3308,"freq":262,"sense":"Comparison"}]},{"pdtb2_relation":[{"anno_N":3308,"freq":1,"sense":"Contingency.Cause.Result"}]},{"pdtb2_relation":[{"anno_N":3308,"freq":82,"sense":"Expansion.Conjunction"}]},{"pdtb2_relation":[{"anno_N":3308,"freq":2,"sense":"Expansion.Exception"}]},{"pdtb2_relation":[{"anno_N":3308,"freq":2,"sense":"Comparison.Concession"}]},{"pdtb2_relation":[{"anno_N":3308,"freq":638,"sense":"Comparison.Contrast.Juxtaposition"}]},{"pdtb2_relation":[{"anno_N":3308,"freq":2,"sense":"Expansion.Restatement.Specification"}]},{"pdtb2_relation":[{"anno_N":3308,"freq":2,"sense":"Expansion"}]},{"pdtb2_relation":[{"anno_N":3308,"freq":175,"sense":"Comparison.Contrast.Opposition"}]},{"pdtb2_relation":[{"anno_N":3308,"freq":4,"sense":"Comparison.Pragmatic concession"}]},{"pdtb2_relation":[{"anno_N":3308,"freq":495,"sense":"Comparison.Concession.Contra-expectation"}]},{"pdtb2_relation":[{"anno_N":3308,"freq":2,"sense":"Expansion.Alternative.Chosen alternative"}]},{"pdtb2_relation":[{"anno_N":3308,"freq":2,"sense":"Temporal.Asynchronous.Precedence"}]},{"pdtb2_relation":[{"anno_N":3308,"freq":16,"sense":"Comparison.Pragmatic contrast"}]},{"pdtb2_relation":[{"anno_N":3308,"freq":1609,"sense":"Comparison.Contrast"}]},{"pdtb2_relation":[{"anno_N":3308,"freq":12,"sense":"Comparison.Concession.Expectation"}]}]},{"cat":{"t":"IN"},"sem":[{"pdtb2_relation":[{"anno_N":3308,"freq":1,"sense":"Comparison.Contrast"}]},{"pdtb2_relation":[{"anno_N":3308,"freq":1,"sense":"Comparison.Contrast.Juxtaposition"}]}]}]},{"id":98,"word":"else","orths":{"orth":[{"canonical":1,"orth_id":"98o1","type":"cont","part":[{"type":"single","t":"else"}]}]},"syn":[{"cat":{"t":"ADVP"},"sem":[{"pdtb2_relation":[{"anno_N":1,"freq":1,"sense":"Expansion.Alternative"}]}]}]},{"id":88,"word":"And","orths":{"orth":[{"canonical":1,"orth_id":"88o1","type":"cont","part":[{"type":"single","t":"And"}]}]},"syn":[{"cat":{"t":"CC"},"sem":[{"pdtb2_relation":[{"anno_N":1,"freq":1,"sense":"Expansion.List"}]}]}]},{"id":15,"word":"while","orths":{"orth":[{"canonical":1,"orth_id":"15o1","type":"cont","part":[{"type":"single","t":"while"}]},{"canonical":0,"orth_id":"15o2","type":"cont","part":[{"type":"single","t":"While"}]}]},"syn":[{"cat":{"t":"phrase"},"sem":[{"pdtb2_relation":[{"anno_N":781,"freq":3,"sense":"Temporal.Synchrony"}]}]},{"cat":{"t":"NN"},"sem":[{"pdtb2_relation":[{"anno_N":781,"freq":1,"sense":"Comparison.Contrast.Opposition"}]},{"pdtb2_relation":[{"anno_N":781,"freq":2,"sense":"Comparison.Contrast.Juxtaposition"}]},{"pdtb2_relation":[{"anno_N":781,"freq":4,"sense":"Temporal.Synchrony"}]}]},{"cat":{"t":"IN"},"sem":[{"pdtb2_relation":[{"anno_N":781,"freq":21,"sense":"Comparison"}]},{"pdtb2_relation":[{"anno_N":781,"freq":54,"sense":"Expansion.Conjunction"}]},{"pdtb2_relation":[{"anno_N":781,"freq":9,"sense":"Expansion.List"}]},{"pdtb2_relation":[{"anno_N":781,"freq":1,"sense":"Comparison.Concession"}]},{"pdtb2_relation":[{"anno_N":781,"freq":195,"sense":"Comparison.Contrast.Juxtaposition"}]},{"pdtb2_relation":[{"anno_N":781,"freq":84,"sense":"Comparison.Contrast.Opposition"}]},{"pdtb2_relation":[{"anno_N":781,"freq":3,"sense":"Comparison.Concession.Contra-expectation"}]},{"pdtb2_relation":[{"anno_N":781,"freq":128,"sense":"Comparison.Contrast"}]},{"pdtb2_relation":[{"anno_N":781,"freq":81,"sense":"Comparison.Concession.Expectation"}]},{"pdtb2_relation":[{"anno_N":781,"freq":195,"sense":"Temporal.Synchrony"}]}]}]},{"id":12,"word":"and","orths":{"orth":[{"canonical":0,"orth_id":"12o1","type":"cont","part":[{"type":"single","t":"And"}]},{"canonical":1,"orth_id":"12o2","type":"cont","part":[{"type":"single","t":"and"}]}]},"syn":[{"cat":{"t":"CC"},"sem":[{"pdtb2_relation":[{"anno_N":2999,"freq":209,"sense":"Expansion.List"}]},{"pdtb2_relation":[{"anno_N":2999,"freq":2,"sense":"Contingency.Condition.Hypothetical"}]},{"pdtb2_relation":[{"anno_N":2999,"freq":13,"sense":"Comparison.Contrast.Juxtaposition"}]},{"pdtb2_relation":[{"anno_N":2999,"freq":2689,"sense":"Expansion.Conjunction"}]},{"pdtb2_relation":[{"anno_N":2999,"freq":1,"sense":"Expansion.Instantiation"}]},{"pdtb2_relation":[{"anno_N":2999,"freq":3,"sense":"Comparison.Contrast"}]},{"pdtb2_relation":[{"anno_N":2999,"freq":65,"sense":"Contingency.Cause.Result"}]},{"pdtb2_relation":[{"anno_N":2999,"freq":1,"sense":"Expansion"}]},{"pdtb2_relation":[{"anno_N":2999,"freq":5,"sense":"Comparison.Contrast.Opposition"}]},{"pdtb2_relation":[{"anno_N":2999,"freq":1,"sense":"Comparison.Concession.Contra-expectation"}]},{"pdtb2_relation":[{"anno_N":2999,"freq":1,"sense":"Expansion.Restatement.Generalization"}]},{"pdtb2_relation":[{"anno_N":2999,"freq":5,"sense":"Temporal.Asynchronous.Precedence"}]},{"pdtb2_relation":[{"anno_N":2999,"freq":1,"sense":"Expansion.Restatement.Specification"}]},{"pdtb2_relation":[{"anno_N":2999,"freq":1,"sense":"Contingency.Condition.General"}]}]},{"cat":{"t":"JJ"},"sem":[{"pdtb2_relation":[{"anno_N":2999,"freq":1,"sense":"Expansion.Conjunction"}]}]},{"cat":{"t":"NN"},"sem":[{"pdtb2_relation":[{"anno_N":2999,"freq":1,"sense":"Expansion.Conjunction"}]}]}]},{"id":69,"word":"likewise","orths":{"orth":[{"canonical":0,"orth_id":"69o1","type":"cont","part":[{"type":"single","t":"Likewise"}]},{"canonical":1,"orth_id":"69o2","type":"cont","part":[{"type":"single","t":"likewise"}]}]},"syn":[{"cat":{"t":"ADVP"},"sem":[{"pdtb2_relation":[{"anno_N":8,"freq":8,"sense":"Expansion.Conjunction"}]}]}]},{"id":44,"word":"thus","orths":{"orth":[{"canonical":0,"orth_id":"44o1","type":"cont","part":[{"type":"single","t":"Thus"}]},{"canonical":1,"orth_id":"44o2","type":"cont","part":[{"type":"single","t":"thus"}]}]},"syn":[{"cat":{"t":"ADVP-MNR"},"sem":[{"pdtb2_relation":[{"anno_N":112,"freq":1,"sense":"Contingency.Cause.Result"}]}]},{"cat":{"t":"ADVP"},"sem":[{"pdtb2_relation":[{"anno_N":112,"freq":102,"sense":"Contingency.Cause.Result"}]}]},{"cat":{"t":"RB"},"sem":[{"pdtb2_relation":[{"anno_N":112,"freq":9,"sense":"Contingency.Cause.Result"}]}]}]},{"id":28,"word":"as","orths":{"orth":[{"canonical":1,"orth_id":"28o1","type":"cont","part":[{"type":"single","t":"as"}]},{"canonical":0,"orth_id":"28o2","type":"cont","part":[{"type":"single","t":"As"}]}]},"syn":[{"cat":{"t":"phrase"},"sem":[{"pdtb2_relation":[{"anno_N":743,"freq":1,"sense":"Comparison"}]},{"pdtb2_relation":[{"anno_N":743,"freq":1,"sense":"Expansion.Conjunction"}]},{"pdtb2_relation":[{"anno_N":743,"freq":3,"sense":"Contingency.Cause.Reason"}]},{"pdtb2_relation":[{"anno_N":743,"freq":1,"sense":"Comparison.Contrast.Opposition"}]},{"pdtb2_relation":[{"anno_N":743,"freq":1,"sense":"Comparison.Concession.Contra-expectation"}]},{"pdtb2_relation":[{"anno_N":743,"freq":2,"sense":"Comparison.Concession.Expectation"}]},{"pdtb2_relation":[{"anno_N":743,"freq":23,"sense":"Temporal.Synchrony"}]}]},{"cat":{"t":"RB"},"sem":[{"pdtb2_relation":[{"anno_N":743,"freq":2,"sense":"Temporal.Asynchronous.Succession"}]},{"pdtb2_relation":[{"anno_N":743,"freq":4,"sense":"Contingency.Cause.Reason"}]},{"pdtb2_relation":[{"anno_N":743,"freq":5,"sense":"Temporal.Synchrony"}]}]},{"cat":{"t":"IN"},"sem":[{"pdtb2_relation":[{"anno_N":743,"freq":2,"sense":"Contingency.Pragmatic cause.Justification"}]},{"pdtb2_relation":[{"anno_N":743,"freq":14,"sense":"Temporal.Asynchronous.Succession"}]},{"pdtb2_relation":[{"anno_N":743,"freq":205,"sense":"Contingency.Cause.Reason"}]},{"pdtb2_relation":[{"anno_N":743,"freq":1,"sense":"Expansion"}]},{"pdtb2_relation":[{"anno_N":743,"freq":478,"sense":"Temporal.Synchrony"}]}]}]},{"id":83,"word":"conversely","orths":{"orth":[{"canonical":0,"orth_id":"83o1","type":"cont","part":[{"type":"single","t":"Conversely"}]}]},"syn":[{"cat":{"t":"ADVP"},"sem":[{"pdtb2_relation":[{"anno_N":2,"freq":2,"sense":"Comparison.Contrast"}]}]}]},{"id":9,"word":"if","orths":{"orth":[{"canonical":0,"orth_id":"9o1","type":"cont","part":[{"type":"single","t":"If"}]},{"canonical":0,"orth_id":"9o2","type":"cont","part":[{"type":"single","t":"IF"}]},{"canonical":1,"orth_id":"9o3","type":"cont","part":[{"type":"single","t":"if"}]}]},"syn":[{"cat":{"t":"phrase"},"sem":[{"pdtb2_relation":[{"anno_N":1223,"freq":1,"sense":"Comparison"}]},{"pdtb2_relation":[{"anno_N":1223,"freq":54,"sense":"Contingency.Condition.Hypothetical"}]},{"pdtb2_relation":[{"anno_N":1223,"freq":1,"sense":"Contingency.Cause.Result"}]},{"pdtb2_relation":[{"anno_N":1223,"freq":1,"sense":"Comparison.Pragmatic contrast"}]},{"pdtb2_relation":[{"anno_N":1223,"freq":1,"sense":"Contingency.Pragmatic condition.Relevance"}]},{"pdtb2_relation":[{"anno_N":1223,"freq":1,"sense":"Comparison.Concession"}]},{"pdtb2_relation":[{"anno_N":1223,"freq":6,"sense":"Contingency.Condition.General"}]},{"pdtb2_relation":[{"anno_N":1223,"freq":4,"sense":"Contingency.Condition.Unreal present"}]},{"pdtb2_relation":[{"anno_N":1223,"freq":3,"sense":"Contingency.Condition.Unreal past"}]},{"pdtb2_relation":[{"anno_N":1223,"freq":3,"sense":"Comparison.Concession.Contra-expectation"}]},{"pdtb2_relation":[{"anno_N":1223,"freq":4,"sense":"Contingency.Condition.Factual present"}]},{"pdtb2_relation":[{"anno_N":1223,"freq":33,"sense":"Comparison.Concession.Expectation"}]}]},{"cat":{"t":"IN"},"sem":[{"pdtb2_relation":[{"anno_N":1223,"freq":632,"sense":"Contingency.Condition.Hypothetical"}]},{"pdtb2_relation":[{"anno_N":1223,"freq":4,"sense":"Comparison.Contrast.Juxtaposition"}]},{"pdtb2_relation":[{"anno_N":1223,"freq":29,"sense":"Contingency.Pragmatic condition.Implicit assertion"}]},{"pdtb2_relation":[{"anno_N":1223,"freq":171,"sense":"Contingency.Condition.General"}]},{"pdtb2_relation":[{"anno_N":1223,"freq":1,"sense":"Comparison.Contrast"}]},{"pdtb2_relation":[{"anno_N":1223,"freq":118,"sense":"Contingency.Condition.Unreal present"}]},{"pdtb2_relation":[{"anno_N":1223,"freq":50,"sense":"Contingency.Condition.Unreal past"}]},{"pdtb2_relation":[{"anno_N":1223,"freq":19,"sense":"Contingency.Pragmatic condition.Relevance"}]},{"pdtb2_relation":[{"anno_N":1223,"freq":9,"sense":"Contingency.Condition.Factual past"}]},{"pdtb2_relation":[{"anno_N":1223,"freq":71,"sense":"Contingency.Condition.Factual present"}]},{"pdtb2_relation":[{"anno_N":1223,"freq":4,"sense":"Comparison.Concession.Expectation"}]},{"pdtb2_relation":[{"anno_N":1223,"freq":1,"sense":"Expansion.Restatement.Specification"}]},{"pdtb2_relation":[{"anno_N":1223,"freq":2,"sense":"Contingency.Condition"}]}]}]},{"id":43,"word":"in turn","orths":{"orth":[{"canonical":1,"orth_id":"43o1","type":"cont","part":[{"type":"phrasal","t":"in turn"}]}]},"syn":[{"cat":{"t":"PP"},"sem":[{"pdtb2_relation":[{"anno_N":30,"freq":17,"sense":"Temporal.Asynchronous.Precedence"}]},{"pdtb2_relation":[{"anno_N":30,"freq":3,"sense":"Contingency.Cause.Result"}]},{"pdtb2_relation":[{"anno_N":30,"freq":7,"sense":"Expansion.Conjunction"}]},{"pdtb2_relation":[{"anno_N":30,"freq":1,"sense":"Expansion.Restatement.Specification"}]},{"pdtb2_relation":[{"anno_N":30,"freq":1,"sense":"Temporal.Asynchronous"}]}]},{"cat":{"t":"PP-TMP"},"sem":[{"pdtb2_relation":[{"anno_N":30,"freq":1,"sense":"Temporal.Asynchronous.Precedence"}]}]}]},{"id":100,"word":"on the one hand on the other hand","orths":{"orth":[{"canonical":0,"orth_id":"100o1","type":"discont","part":[{"type":"single","t":"On"},{"type":"single","t":"the"},{"type":"single","t":"one"},{"type":"single","t":"hand"},{"type":"single","t":"On"},{"type":"single","t":"the"},{"type":"single","t":"other"},{"type":"single","t":"hand"}]}]},"syn":[{"cat":{"t":"phrase"},"sem":[{"pdtb2_relation":[{"anno_N":1,"freq":1,"sense":"Comparison.Contrast"}]}]}]},{"id":30,"word":"nonetheless","orths":{"orth":[{"canonical":1,"orth_id":"30o1","type":"cont","part":[{"type":"single","t":"nonetheless"}]},{"canonical":0,"orth_id":"30o2","type":"cont","part":[{"type":"single","t":"Nonetheless"}]}]},"syn":[{"cat":{"t":"ADVP"},"sem":[{"pdtb2_relation":[{"anno_N":27,"freq":5,"sense":"Comparison"}]},{"pdtb2_relation":[{"anno_N":27,"freq":4,"sense":"Comparison.Contrast"}]},{"pdtb2_relation":[{"anno_N":27,"freq":1,"sense":"Expansion.Conjunction"}]},{"pdtb2_relation":[{"anno_N":27,"freq":17,"sense":"Comparison.Concession.Contra-expectation"}]}]}]},{"id":61,"word":"as if","orths":{"orth":[{"canonical":1,"orth_id":"61o1","type":"cont","part":[{"type":"phrasal","t":"as if"}]},{"canonical":0,"orth_id":"61o2","type":"cont","part":[{"type":"phrasal","t":"As if"}]}]},"syn":[{"cat":{"t":"phrase"},"sem":[{"pdtb2_relation":[{"anno_N":16,"freq":1,"sense":"Comparison.Pragmatic concession"}]},{"pdtb2_relation":[{"anno_N":16,"freq":4,"sense":"Comparison.Concession.Contra-expectation"}]},{"pdtb2_relation":[{"anno_N":16,"freq":11,"sense":"Expansion"}]}]}]},{"id":54,"word":"whereas","orths":{"orth":[{"canonical":0,"orth_id":"54o1","type":"cont","part":[{"type":"single","t":"Whereas"}]},{"canonical":1,"orth_id":"54o2","type":"cont","part":[{"type":"single","t":"whereas"}]}]},"syn":[{"cat":{"t":"IN"},"sem":[{"pdtb2_relation":[{"anno_N":5,"freq":1,"sense":"Comparison.Contrast"}]},{"pdtb2_relation":[{"anno_N":5,"freq":3,"sense":"Comparison.Contrast.Juxtaposition"}]},{"pdtb2_relation":[{"anno_N":5,"freq":1,"sense":"Comparison.Contrast.Opposition"}]}]}]},{"id":11,"word":"when","orths":{"orth":[{"canonical":1,"orth_id":"11o1","type":"cont","part":[{"type":"single","t":"when"}]},{"canonical":0,"orth_id":"11o2","type":"cont","part":[{"type":"single","t":"WHEN"}]},{"canonical":0,"orth_id":"11o3","type":"cont","part":[{"type":"single","t":"When"}]}]},"syn":[{"cat":{"t":"WHADVP-3"},"sem":[{"pdtb2_relation":[{"anno_N":989,"freq":1,"sense":"Contingency.Condition.Hypothetical"}]},{"pdtb2_relation":[{"anno_N":989,"freq":2,"sense":"Contingency.Pragmatic condition.Implicit assertion"}]},{"pdtb2_relation":[{"anno_N":989,"freq":12,"sense":"Contingency.Condition.General"}]},{"pdtb2_relation":[{"anno_N":989,"freq":2,"sense":"Contingency.Cause.Reason"}]},{"pdtb2_relation":[{"anno_N":989,"freq":1,"sense":"Contingency.Condition.Factual present"}]},{"pdtb2_relation":[{"anno_N":989,"freq":28,"sense":"Temporal.Asynchronous.Succession"}]},{"pdtb2_relation":[{"anno_N":989,"freq":79,"sense":"Temporal.Synchrony"}]}]},{"cat":{"t":"WHADVP-2"},"sem":[{"pdtb2_relation":[{"anno_N":989,"freq":3,"sense":"Contingency.Condition.Hypothetical"}]},{"pdtb2_relation":[{"anno_N":989,"freq":1,"sense":"Contingency.Pragmatic condition.Implicit assertion"}]},{"pdtb2_relation":[{"anno_N":989,"freq":3,"sense":"Temporal"}]},{"pdtb2_relation":[{"anno_N":989,"freq":37,"sense":"Contingency.Condition.General"}]},{"pdtb2_relation":[{"anno_N":989,"freq":10,"sense":"Contingency.Cause.Reason"}]},{"pdtb2_relation":[{"anno_N":989,"freq":1,"sense":"Comparison.Contrast.Opposition"}]},{"pdtb2_relation":[{"anno_N":989,"freq":1,"sense":"Comparison.Concession.Contra-expectation"}]},{"pdtb2_relation":[{"anno_N":989,"freq":1,"sense":"Contingency.Condition.Factual present"}]},{"pdtb2_relation":[{"anno_N":989,"freq":60,"sense":"Temporal.Asynchronous.Succession"}]},{"pdtb2_relation":[{"anno_N":989,"freq":3,"sense":"Temporal.Asynchronous.Precedence"}]},{"pdtb2_relation":[{"anno_N":989,"freq":2,"sense":"Comparison.Concession.Expectation"}]},{"pdtb2_relation":[{"anno_N":989,"freq":153,"sense":"Temporal.Synchrony"}]}]},{"cat":{"t":"WHADVP-1"},"sem":[{"pdtb2_relation":[{"anno_N":989,"freq":4,"sense":"Contingency.Condition.Hypothetical"}]},{"pdtb2_relation":[{"anno_N":989,"freq":8,"sense":"Contingency.Pragmatic condition.Implicit assertion"}]},{"pdtb2_relation":[{"anno_N":989,"freq":1,"sense":"Expansion.Alternative.Disjunctive"}]},{"pdtb2_relation":[{"anno_N":989,"freq":1,"sense":"Contingency"}]},{"pdtb2_relation":[{"anno_N":989,"freq":2,"sense":"Temporal"}]},{"pdtb2_relation":[{"anno_N":989,"freq":67,"sense":"Contingency.Condition.General"}]},{"pdtb2_relation":[{"anno_N":989,"freq":4,"sense":"Contingency.Cause.Reason"}]},{"pdtb2_relation":[{"anno_N":989,"freq":1,"sense":"Comparison.Contrast"}]},{"pdtb2_relation":[{"anno_N":989,"freq":1,"sense":"Contingency.Pragmatic condition.Relevance"}]},{"pdtb2_relation":[{"anno_N":989,"freq":120,"sense":"Temporal.Asynchronous.Succession"}]},{"pdtb2_relation":[{"anno_N":989,"freq":1,"sense":"Contingency.Condition.Factual present"}]},{"pdtb2_relation":[{"anno_N":989,"freq":3,"sense":"Comparison.Concession.Expectation"}]},{"pdtb2_relation":[{"anno_N":989,"freq":1,"sense":"Temporal.Asynchronous.Precedence"}]},{"pdtb2_relation":[{"anno_N":989,"freq":263,"sense":"Temporal.Synchrony"}]}]},{"cat":{"t":"WHADVP-14"},"sem":[{"pdtb2_relation":[{"anno_N":989,"freq":1,"sense":"Temporal.Synchrony"}]}]},{"cat":{"t":"WHADVP-7"},"sem":[{"pdtb2_relation":[{"anno_N":989,"freq":1,"sense":"Temporal.Synchrony"}]}]},{"cat":{"t":"WHADVP-6"},"sem":[{"pdtb2_relation":[{"anno_N":989,"freq":2,"sense":"Temporal.Synchrony"}]},{"pdtb2_relation":[{"anno_N":989,"freq":1,"sense":"Contingency.Pragmatic condition.Implicit assertion"}]},{"pdtb2_relation":[{"anno_N":989,"freq":1,"sense":"Temporal.Asynchronous.Succession"}]}]},{"cat":{"t":"WHADVP-5"},"sem":[{"pdtb2_relation":[{"anno_N":989,"freq":4,"sense":"Temporal.Asynchronous.Succession"}]},{"pdtb2_relation":[{"anno_N":989,"freq":1,"sense":"Comparison.Concession.Expectation"}]},{"pdtb2_relation":[{"anno_N":989,"freq":3,"sense":"Contingency.Condition.General"}]},{"pdtb2_relation":[{"anno_N":989,"freq":7,"sense":"Temporal.Synchrony"}]}]},{"cat":{"t":"WHADVP-4"},"sem":[{"pdtb2_relation":[{"anno_N":989,"freq":2,"sense":"Contingency.Cause.Reason"}]},{"pdtb2_relation":[{"anno_N":989,"freq":1,"sense":"Comparison.Concession.Expectation"}]},{"pdtb2_relation":[{"anno_N":989,"freq":17,"sense":"Temporal.Synchrony"}]},{"pdtb2_relation":[{"anno_N":989,"freq":9,"sense":"Contingency.Condition.General"}]},{"pdtb2_relation":[{"anno_N":989,"freq":7,"sense":"Temporal.Asynchronous.Succession"}]}]},{"cat":{"t":"WHADVP"},"sem":[{"pdtb2_relation":[{"anno_N":989,"freq":3,"sense":"Contingency.Condition.Hypothetical"}]},{"pdtb2_relation":[{"anno_N":989,"freq":5,"sense":"Temporal.Asynchronous.Succession"}]},{"pdtb2_relation":[{"anno_N":989,"freq":1,"sense":"Contingency.Cause.Reason"}]},{"pdtb2_relation":[{"anno_N":989,"freq":2,"sense":"Contingency.Condition.General"}]},{"pdtb2_relation":[{"anno_N":989,"freq":21,"sense":"Temporal.Synchrony"}]}]},{"cat":{"t":"WHNP-4"},"sem":[{"pdtb2_relation":[{"anno_N":989,"freq":1,"sense":"Temporal.Synchrony"}]}]},{"cat":{"t":"phrase"},"sem":[{"pdtb2_relation":[{"anno_N":989,"freq":1,"sense":"Contingency.Condition.Hypothetical"}]},{"pdtb2_relation":[{"anno_N":989,"freq":1,"sense":"Expansion.Alternative.Disjunctive"}]},{"pdtb2_relation":[{"anno_N":989,"freq":2,"sense":"Contingency.Condition.General"}]},{"pdtb2_relation":[{"anno_N":989,"freq":1,"sense":"Contingency.Cause.Reason"}]},{"pdtb2_relation":[{"anno_N":989,"freq":1,"sense":"Contingency.Condition.Factual present"}]},{"pdtb2_relation":[{"anno_N":989,"freq":2,"sense":"Comparison.Concession.Expectation"}]},{"pdtb2_relation":[{"anno_N":989,"freq":14,"sense":"Temporal.Synchrony"}]}]}]},{"id":57,"word":"till","orths":{"orth":[{"canonical":1,"orth_id":"57o1","type":"cont","part":[{"type":"single","t":"till"}]}]},"syn":[{"cat":{"t":"IN"},"sem":[{"pdtb2_relation":[{"anno_N":3,"freq":3,"sense":"Temporal.Asynchronous.Precedence"}]}]}]},{"id":63,"word":"now that","orths":{"orth":[{"canonical":0,"orth_id":"63o1","type":"cont","part":[{"type":"phrasal","t":"Now that"}]},{"canonical":1,"orth_id":"63o2","type":"cont","part":[{"type":"phrasal","t":"now that"}]}]},"syn":[{"cat":{"t":"phrase"},"sem":[{"pdtb2_relation":[{"anno_N":22,"freq":1,"sense":"Temporal.Asynchronous.Succession"}]},{"pdtb2_relation":[{"anno_N":22,"freq":1,"sense":"Temporal.Asynchronous.Precedence"}]},{"pdtb2_relation":[{"anno_N":22,"freq":2,"sense":"Contingency.Cause.Result"}]},{"pdtb2_relation":[{"anno_N":22,"freq":13,"sense":"Contingency.Cause.Reason"}]},{"pdtb2_relation":[{"anno_N":22,"freq":5,"sense":"Temporal.Synchrony"}]}]}]},{"id":74,"word":"in other words","orths":{"orth":[{"canonical":1,"orth_id":"74o1","type":"cont","part":[{"type":"phrasal","t":"in other words"}]},{"canonical":0,"orth_id":"74o2","type":"cont","part":[{"type":"phrasal","t":"In other words"}]}]},"syn":[{"cat":{"t":"PP"},"sem":[{"pdtb2_relation":[{"anno_N":17,"freq":10,"sense":"Expansion.Restatement.Equivalence"}]},{"pdtb2_relation":[{"anno_N":17,"freq":4,"sense":"Expansion.Restatement"}]},{"pdtb2_relation":[{"anno_N":17,"freq":3,"sense":"Expansion.Restatement.Generalization"}]}]}]},{"id":26,"word":"instead","orths":{"orth":[{"canonical":0,"orth_id":"26o1","type":"cont","part":[{"type":"single","t":"Instead"}]},{"canonical":1,"orth_id":"26o2","type":"cont","part":[{"type":"single","t":"instead"}]}]},"syn":[{"cat":{"t":"ADVP"},"sem":[{"pdtb2_relation":[{"anno_N":112,"freq":105,"sense":"Expansion.Alternative.Chosen alternative"}]},{"pdtb2_relation":[{"anno_N":112,"freq":2,"sense":"Comparison.Contrast"}]},{"pdtb2_relation":[{"anno_N":112,"freq":1,"sense":"Comparison.Contrast.Juxtaposition"}]},{"pdtb2_relation":[{"anno_N":112,"freq":4,"sense":"Expansion.Alternative"}]}]}]},{"id":86,"word":"much as","orths":{"orth":[{"canonical":1,"orth_id":"86o1","type":"cont","part":[{"type":"phrasal","t":"much as"}]}]},"syn":[{"cat":{"t":"phrase"},"sem":[{"pdtb2_relation":[{"anno_N":6,"freq":2,"sense":"Expansion.Alternative.Chosen alternative"}]},{"pdtb2_relation":[{"anno_N":6,"freq":2,"sense":"Comparison.Concession.Expectation"}]},{"pdtb2_relation":[{"anno_N":6,"freq":1,"sense":"Expansion.Restatement.Specification"}]},{"pdtb2_relation":[{"anno_N":6,"freq":1,"sense":"Comparison"}]}]}]},{"id":31,"word":"unless","orths":{"orth":[{"canonical":0,"orth_id":"31o1","type":"cont","part":[{"type":"single","t":"Unless"}]},{"canonical":1,"orth_id":"31o2","type":"cont","part":[{"type":"single","t":"unless"}]}]},"syn":[{"cat":{"t":"IN"},"sem":[{"pdtb2_relation":[{"anno_N":95,"freq":1,"sense":"Contingency.Condition.Hypothetical"}]},{"pdtb2_relation":[{"anno_N":95,"freq":94,"sense":"Expansion.Alternative.Disjunctive"}]}]}]},{"id":2,"word":"though","orths":{"orth":[{"canonical":0,"orth_id":"2o1","type":"cont","part":[{"type":"single","t":"Though"}]},{"canonical":1,"orth_id":"2o2","type":"cont","part":[{"type":"single","t":"though"}]}]},"syn":[{"cat":{"t":"phrase"},"sem":[{"pdtb2_relation":[{"anno_N":320,"freq":2,"sense":"Comparison"}]},{"pdtb2_relation":[{"anno_N":320,"freq":5,"sense":"Comparison.Concession"}]},{"pdtb2_relation":[{"anno_N":320,"freq":5,"sense":"Comparison.Contrast.Juxtaposition"}]},{"pdtb2_relation":[{"anno_N":320,"freq":1,"sense":"Comparison.Contrast.Opposition"}]},{"pdtb2_relation":[{"anno_N":320,"freq":15,"sense":"Comparison.Concession.Contra-expectation"}]},{"pdtb2_relation":[{"anno_N":320,"freq":52,"sense":"Comparison.Concession.Expectation"}]},{"pdtb2_relation":[{"anno_N":320,"freq":15,"sense":"Comparison.Contrast"}]}]},{"cat":{"t":"NNP"},"sem":[{"pdtb2_relation":[{"anno_N":320,"freq":10,"sense":"Comparison.Concession.Expectation"}]},{"pdtb2_relation":[{"anno_N":320,"freq":1,"sense":"Comparison.Contrast.Juxtaposition"}]},{"pdtb2_relation":[{"anno_N":320,"freq":2,"sense":"Comparison.Contrast"}]},{"pdtb2_relation":[{"anno_N":320,"freq":1,"sense":"Comparison.Contrast.Opposition"}]}]},{"cat":{"t":"ADVP"},"sem":[{"pdtb2_relation":[{"anno_N":320,"freq":4,"sense":"Comparison"}]},{"pdtb2_relation":[{"anno_N":320,"freq":1,"sense":"Comparison.Concession"}]},{"pdtb2_relation":[{"anno_N":320,"freq":14,"sense":"Comparison.Contrast.Juxtaposition"}]},{"pdtb2_relation":[{"anno_N":320,"freq":1,"sense":"Comparison.Contrast.Opposition"}]},{"pdtb2_relation":[{"anno_N":320,"freq":14,"sense":"Comparison.Concession.Contra-expectation"}]},{"pdtb2_relation":[{"anno_N":320,"freq":33,"sense":"Comparison.Contrast"}]},{"pdtb2_relation":[{"anno_N":320,"freq":1,"sense":"Comparison.Concession.Expectation"}]}]},{"cat":{"t":"IN"},"sem":[{"pdtb2_relation":[{"anno_N":320,"freq":6,"sense":"Comparison"}]},{"pdtb2_relation":[{"anno_N":320,"freq":53,"sense":"Comparison.Contrast"}]},{"pdtb2_relation":[{"anno_N":320,"freq":26,"sense":"Comparison.Contrast.Juxtaposition"}]},{"pdtb2_relation":[{"anno_N":320,"freq":42,"sense":"Comparison.Concession.Expectation"}]},{"pdtb2_relation":[{"anno_N":320,"freq":16,"sense":"Comparison.Concession.Contra-expectation"}]}]}]},{"id":36,"word":"in fact","orths":{"orth":[{"canonical":0,"orth_id":"36o1","type":"cont","part":[{"type":"phrasal","t":"In fact"}]},{"canonical":1,"orth_id":"36o2","type":"cont","part":[{"type":"phrasal","t":"in fact"}]}]},"syn":[{"cat":{"t":"PP"},"sem":[{"pdtb2_relation":[{"anno_N":82,"freq":1,"sense":"Comparison"}]},{"pdtb2_relation":[{"anno_N":82,"freq":33,"sense":"Expansion.Conjunction"}]},{"pdtb2_relation":[{"anno_N":82,"freq":2,"sense":"Expansion.Instantiation"}]},{"pdtb2_relation":[{"anno_N":82,"freq":3,"sense":"Comparison.Contrast.Juxtaposition"}]},{"pdtb2_relation":[{"anno_N":82,"freq":2,"sense":"Expansion"}]},{"pdtb2_relation":[{"anno_N":82,"freq":1,"sense":"Expansion.Restatement.Generalization"}]},{"pdtb2_relation":[{"anno_N":82,"freq":2,"sense":"Comparison.Contrast"}]},{"pdtb2_relation":[{"anno_N":82,"freq":35,"sense":"Expansion.Restatement.Specification"}]},{"pdtb2_relation":[{"anno_N":82,"freq":2,"sense":"Expansion.Restatement"}]}]},{"cat":{"t":"PP-LOC"},"sem":[{"pdtb2_relation":[{"anno_N":82,"freq":1,"sense":"Expansion.Restatement.Specification"}]}]}]},{"id":73,"word":"earlier","orths":{"orth":[{"canonical":0,"orth_id":"73o1","type":"cont","part":[{"type":"single","t":"Earlier"}]},{"canonical":1,"orth_id":"73o2","type":"cont","part":[{"type":"single","t":"earlier"}]}]},"syn":[{"cat":{"t":"ADVP-TMP"},"sem":[{"pdtb2_relation":[{"anno_N":15,"freq":1,"sense":"Comparison.Contrast.Juxtaposition"}]},{"pdtb2_relation":[{"anno_N":15,"freq":14,"sense":"Temporal.Asynchronous.Succession"}]}]}]},{"id":58,"word":"in contrast","orths":{"orth":[{"canonical":0,"orth_id":"58o1","type":"cont","part":[{"type":"phrasal","t":"In contrast"}]},{"canonical":1,"orth_id":"58o2","type":"cont","part":[{"type":"phrasal","t":"in contrast"}]}]},"syn":[{"cat":{"t":"PP"},"sem":[{"pdtb2_relation":[{"anno_N":12,"freq":5,"sense":"Comparison.Contrast"}]},{"pdtb2_relation":[{"anno_N":12,"freq":5,"sense":"Comparison.Contrast.Juxtaposition"}]},{"pdtb2_relation":[{"anno_N":12,"freq":2,"sense":"Comparison.Contrast.Opposition"}]}]}]},{"id":51,"word":"if and when","orths":{"orth":[{"canonical":1,"orth_id":"51o1","type":"cont","part":[{"type":"phrasal","t":"if and when"}]}]},"syn":[{"cat":{"t":"phrase"},"sem":[{"pdtb2_relation":[{"anno_N":3,"freq":1,"sense":"Contingency.Condition.Hypothetical"}]},{"pdtb2_relation":[{"anno_N":3,"freq":1,"sense":"Contingency.Condition.General"}]}]},{"cat":{"t":"UCP"},"sem":[{"pdtb2_relation":[{"anno_N":3,"freq":1,"sense":"Contingency.Condition.Hypothetical"}]}]}]},{"id":65,"word":"additionally","orths":{"orth":[{"canonical":1,"orth_id":"65o1","type":"cont","part":[{"type":"single","t":"additionally"}]},{"canonical":0,"orth_id":"65o2","type":"cont","part":[{"type":"single","t":"Additionally"}]}]},"syn":[{"cat":{"t":"ADVP"},"sem":[{"pdtb2_relation":[{"anno_N":7,"freq":7,"sense":"Expansion.Conjunction"}]}]}]},{"id":81,"word":"as though","orths":{"orth":[{"canonical":1,"orth_id":"81o1","type":"cont","part":[{"type":"phrasal","t":"as though"}]}]},"syn":[{"cat":{"t":"phrase"},"sem":[{"pdtb2_relation":[{"anno_N":5,"freq":3,"sense":"Comparison"}]},{"pdtb2_relation":[{"anno_N":5,"freq":2,"sense":"Expansion.Restatement.Specification"}]}]}]},{"id":85,"word":"as well","orths":{"orth":[{"canonical":0,"orth_id":"85o1","type":"cont","part":[{"type":"phrasal","t":"As well"}]},{"canonical":1,"orth_id":"85o2","type":"cont","part":[{"type":"phrasal","t":"as well"}]}]},"syn":[{"cat":{"t":"ADVP"},"sem":[{"pdtb2_relation":[{"anno_N":6,"freq":6,"sense":"Expansion.Conjunction"}]}]}]},{"id":22,"word":"so that","orths":{"orth":[{"canonical":1,"orth_id":"22o1","type":"cont","part":[{"type":"phrasal","t":"so that"}]}]},"syn":[{"cat":{"t":"phrase"},"sem":[{"pdtb2_relation":[{"anno_N":31,"freq":31,"sense":"Contingency.Cause.Result"}]}]}]},{"id":5,"word":"nevertheless","orths":{"orth":[{"canonical":0,"orth_id":"5o1","type":"cont","part":[{"type":"single","t":"Nevertheless"}]},{"canonical":1,"orth_id":"5o2","type":"cont","part":[{"type":"single","t":"nevertheless"}]}]},"syn":[{"cat":{"t":"ADVP"},"sem":[{"pdtb2_relation":[{"anno_N":44,"freq":1,"sense":"Comparison"}]},{"pdtb2_relation":[{"anno_N":44,"freq":7,"sense":"Comparison.Contrast.Juxtaposition"}]},{"pdtb2_relation":[{"anno_N":44,"freq":1,"sense":"Comparison.Contrast.Opposition"}]},{"pdtb2_relation":[{"anno_N":44,"freq":5,"sense":"Comparison.Pragmatic concession"}]},{"pdtb2_relation":[{"anno_N":44,"freq":19,"sense":"Comparison.Concession.Contra-expectation"}]},{"pdtb2_relation":[{"anno_N":44,"freq":11,"sense":"Comparison.Contrast"}]}]}]},{"id":64,"word":"before and after","orths":{"orth":[{"canonical":1,"orth_id":"64o1","type":"cont","part":[{"type":"phrasal","t":"before and after"}]}]},"syn":[{"cat":{"t":"phrase"},"sem":[{"pdtb2_relation":[{"anno_N":1,"freq":1,"sense":"Temporal.Asynchronous"}]}]}]},{"id":38,"word":"later","orths":{"orth":[{"canonical":1,"orth_id":"38o1","type":"cont","part":[{"type":"single","t":"later"}]},{"canonical":0,"orth_id":"38o2","type":"cont","part":[{"type":"single","t":"Later"}]}]},"syn":[{"cat":{"t":"ADVP-TMP"},"sem":[{"pdtb2_relation":[{"anno_N":91,"freq":89,"sense":"Temporal.Asynchronous.Precedence"}]},{"pdtb2_relation":[{"anno_N":91,"freq":1,"sense":"Expansion.Conjunction"}]}]},{"cat":{"t":"ADVP"},"sem":[{"pdtb2_relation":[{"anno_N":91,"freq":1,"sense":"Temporal.Asynchronous.Precedence"}]}]}]},{"id":35,"word":"rather","orths":{"orth":[{"canonical":0,"orth_id":"35o1","type":"cont","part":[{"type":"single","t":"Rather"}]},{"canonical":1,"orth_id":"35o2","type":"cont","part":[{"type":"single","t":"rather"}]}]},"syn":[{"cat":{"t":"ADVP"},"sem":[{"pdtb2_relation":[{"anno_N":17,"freq":5,"sense":"Expansion.Alternative.Chosen alternative"}]},{"pdtb2_relation":[{"anno_N":17,"freq":3,"sense":"Comparison.Contrast"}]},{"pdtb2_relation":[{"anno_N":17,"freq":1,"sense":"Comparison.Contrast.Juxtaposition"}]},{"pdtb2_relation":[{"anno_N":17,"freq":7,"sense":"Expansion.Restatement.Specification"}]}]},{"cat":{"t":"RB"},"sem":[{"pdtb2_relation":[{"anno_N":17,"freq":1,"sense":"Expansion.Alternative.Chosen alternative"}]}]}]},{"id":13,"word":"so","orths":{"orth":[{"canonical":0,"orth_id":"13o1","type":"cont","part":[{"type":"single","t":"So"}]},{"canonical":1,"orth_id":"13o2","type":"cont","part":[{"type":"single","t":"so"}]}]},"syn":[{"cat":{"t":"CC"},"sem":[{"pdtb2_relation":[{"anno_N":263,"freq":13,"sense":"Contingency.Cause.Result"}]}]},{"cat":{"t":"ADVP-MNR"},"sem":[{"pdtb2_relation":[{"anno_N":263,"freq":1,"sense":"Contingency.Cause.Result"}]}]},{"cat":{"t":"ADVP"},"sem":[{"pdtb2_relation":[{"anno_N":263,"freq":48,"sense":"Contingency.Cause.Result"}]}]},{"cat":{"t":"RB"},"sem":[{"pdtb2_relation":[{"anno_N":263,"freq":61,"sense":"Contingency.Cause.Result"}]}]},{"cat":{"t":"IN"},"sem":[{"pdtb2_relation":[{"anno_N":263,"freq":139,"sense":"Contingency.Cause.Result"}]},{"pdtb2_relation":[{"anno_N":263,"freq":1,"sense":"Contingency.Cause.Reason"}]}]}]},{"id":90,"word":"by then","orths":{"orth":[{"canonical":1,"orth_id":"90o1","type":"cont","part":[{"type":"phrasal","t":"by then"}]},{"canonical":0,"orth_id":"90o2","type":"cont","part":[{"type":"phrasal","t":"By then"}]}]},"syn":[{"cat":{"t":"PP-TMP"},"sem":[{"pdtb2_relation":[{"anno_N":7,"freq":2,"sense":"Temporal.Asynchronous.Precedence"}]},{"pdtb2_relation":[{"anno_N":7,"freq":2,"sense":"Temporal.Asynchronous.Succession"}]},{"pdtb2_relation":[{"anno_N":7,"freq":2,"sense":"Temporal.Synchrony"}]}]},{"cat":{"t":"ADVP"},"sem":[{"pdtb2_relation":[{"anno_N":7,"freq":1,"sense":"Temporal.Asynchronous.Succession"}]}]}]},{"id":0,"word":"once","orths":{"orth":[{"canonical":0,"orth_id":"0o1","type":"cont","part":[{"type":"single","t":"ONCE"}]},{"canonical":0,"orth_id":"0o2","type":"cont","part":[{"type":"single","t":"Once"}]},{"canonical":1,"orth_id":"0o3","type":"cont","part":[{"type":"single","t":"once"}]}]},"syn":[{"cat":{"t":"ADVP-TMP"},"sem":[{"pdtb2_relation":[{"anno_N":84,"freq":2,"sense":"Temporal.Asynchronous.Succession"}]}]},{"cat":{"t":"RB"},"sem":[{"pdtb2_relation":[{"anno_N":84,"freq":2,"sense":"Temporal.Synchrony"}]},{"pdtb2_relation":[{"anno_N":84,"freq":2,"sense":"Contingency.Condition.General"}]},{"pdtb2_relation":[{"anno_N":84,"freq":38,"sense":"Temporal.Asynchronous.Succession"}]}]},{"cat":{"t":"IN"},"sem":[{"pdtb2_relation":[{"anno_N":84,"freq":1,"sense":"Contingency.Condition.Hypothetical"}]},{"pdtb2_relation":[{"anno_N":84,"freq":1,"sense":"Contingency.Condition.General"}]},{"pdtb2_relation":[{"anno_N":84,"freq":38,"sense":"Temporal.Asynchronous.Succession"}]}]}]}]}