{
  "sdrt": {
    "alternation": ["EXPANSION:Disjunction"],
    "background": ["TEMPORAL:Asynchronous:Precedence"],
    "background-inverse": ["TEMPORAL:Asynchronous:Succession"],
    "concession": ["COMPARISON:Concession"],
    "condition": ["CONTINGENCY:Condition"],
    "consequence": ["CONTINGENCY:Condition"],
    "continuation": ["EXPANSION:Conjunction"],
    "contrast": ["COMPARISON:Contrast"],
    "detachment": ["EXPANSION:Exception"],
    "digression": ["EXPANSION:Conjunction"],
    "elaboration": ["EXPANSION:Level-of-detail"],
    "evidence": ["EXPANSION:Conjunction"],
    "explanation": ["EXPANSION:Manner", "EXPANSION:Level-of-detail", "CONTINGENCY:Cause:Reason"],
    "explanation*": ["CONTINGENCY:Cause+belief"],
    "flashback": ["TEMPORAL:Asynchronous:Succession"],
    "goal": ["CONTINGENCY:Purpose"],
    "narration": ["TEMPORAL:Asynchronous:Precedence", "EXPANSION:Conjunction"],
    "parallel": ["COMPARISON:Similarity"],
    "rephrasing": ["EXPANSION:Equivalence"],
    "result": ["CONTINGENCY:Cause:Result"],
    "result*": ["CONTINGENCY:Cause:Result+belief", "CONTINGENCY:Cause:Result+speechact"],
    "summary": ["EXPANSION:Level-of-detail:Arg2-as-detail"],
    "temploc": ["TEMPORAL"],
    "violation": ["EXPANSION:Exception"]
  },

  "pdtb2": {
    "Comparison": "COMPARISON",
    "Comparison.Concession": "COMPARISON:Concession",
    "Comparison.Concession.Contra-expectation": "COMPARISON:Concession",
    "Comparison.Concession.Expectation": "COMPARISON:Concession",
    "Comparison.Contrast": "COMPARISON:Contrast",
    "Comparison.Contrast.Juxtaposition": "COMPARISON:Contrast",
    "Comparison.Contrast.Opposition": "COMPARISON:Contrast",
    "Comparison.Pragmatic concession": "COMPARISON:Concession+SpeechAct",
    "Comparison.Pragmatic contrast": "COMPARISON:Similarity",
    "Contingency": "CONTINGENCY",
    "Contingency.Cause.Reason": "CONTINGENCY:Cause:Reason",
    "Contingency.Cause.Result": "CONTINGENCY:Cause:Result",
    "Contingency.Condition": "CONTINGENCY:Condition",
    "Contingency.Condition.Factual past": "CONTINGENCY:Condition",
    "Contingency.Condition.Factual present": "CONTINGENCY:Condition",
    "Contingency.Condition.General": "CONTINGENCY:Condition",
    "Contingency.Condition.Hypothetical": "CONTINGENCY:Condition",
    "Contingency.Condition.Unreal past": "CONTINGENCY:Condition",
    "Contingency.Condition.Unreal present": "CONTINGENCY:Condition",
    "Contingency.Pragmatic cause.Justification": "CONTINGENCY:Cause+belief",
    "Contingency.Pragmatic condition.Implicit assertion": "CONTINGENCY:Condition+SpeechAct",
    "Contingency.Pragmatic condition.Relevance": "CONTINGENCY:Condition+SpeechAct",
    "Expansion": "EXPANSION",
    "Expansion.Alternative": "EXPANSION:Disjunction",
    "Expansion.Alternative.Chosen alternative": "EXPANSION:Disjunction",
    "Expansion.Alternative.Conjunctive": "EXPANSION:Disjunction",
    "Expansion.Alternative.Disjunctive": "EXPANSION:Disjunction",
    "Expansion.Conjunction": "EXPANSION:Conjunction",
    "Expansion.Exception": "EXPANSION:Exception",
    "Expansion.Instantiation": "EXPANSION:Instantiation",
    "Expansion.List": "EXPANSION:Conjunction",
    "Expansion.Restatement": "EXPANSION:Level-of-detail",
    "Expansion.Restatement.Equivalence": "EXPANSION:Equivalence",
    "Expansion.Restatement.Generalization": "EXPANSION:Level-of-detail:Arg1-as-detail",
    "Expansion.Restatement.Specification": "EXPANSION:Level-of-detail:Arg2-as-detail",
    "Temporal": "TEMPORAL",
    "Temporal.Asynchronous": "TEMPORAL:Asynchronous",
    "Temporal.Asynchronous.Precedence": "TEMPORAL:Asynchronous:Precedence",
    "Temporal.Asynchronous.Succession": "TEMPORAL:Asynchronous:Succession",
    "Temporal.Synchrony": "TEMPORAL:Synchronous"
  },

  "pdtb3-short": {
    "asynchronous-precedence": "TEMPORAL:Asynchronous:Precedence",
    "asynchronous-succession": "TEMPORAL:Asynchronous:Succession",
    "cause-reason": "CONTINGENCY:Cause:Reason",
    "cause-result": "CONTINGENCY:Cause:Result",
    "concession-arg1-as-denier": "COMPARISON:Concession:Arg1-as-denier",
    "concession-arg2-as-denier": "COMPARISON:Concession:Arg2-as-denier",
    "condition-arg1-as-consequent": "CONTINGENCY:Condition:Arg2-as-cond",
    "condition-arg2-as-consequent": "CONTINGENCY:Condition:Arg1-as-cond",
    "conjunction": "EXPANSION:Conjunction",
    "contrast": "COMPARISON:Contrast",
    "disjunction": "EXPANSION:Disjunction",
    "equivalence": "EXPANSION:Equivalence",
    "exception-arg1-as-except": "EXPANSION:Exception:Arg1-as-excpt",
    "exception-arg2-as-except": "EXPANSION:Exception:Arg2-as-excpt",
    "instantiation": "EXPANSION:Instantiation",
    "manner-arg1-as-manner": "EXPANSION:Manner:Arg1-as-manner",
    "manner-arg2-as-manner": "EXPANSION:Manner:Arg2-as-manner",
    "negative-condition-arg1-as-consequent": "CONTINGENCY:Negative-Condition:Arg2-as-negcond",
    "negative-condition-arg2-as-consequent": "CONTINGENCY:Negative-Condition:Arg1-as-negcond",
    "purpose-arg1-as-goal": "CONTINGENCY:Purpose:Arg1-as-goal",
    "purpose-arg2-as-goal": "CONTINGENCY:Purpose:Arg2-as-goal",
    "similarity": "COMPARISON:Similarity",
    "specification": "EXPANSION:Level-of-detail",
    "specification-arg1-as-detail": "EXPANSION:Level-of-detail:Arg1-as-detail",
    "specification-arg2-as-detail": "EXPANSION:Level-of-detail:Arg2-as-detail",
    "substitution-arg1-as-subst": "EXPANSION:Substitution:Arg1-as-subst",
    "substitution-arg2-as-subst": "EXPANSION:Substitution:Arg2-as-subst",
    "synchronous": "TEMPORAL:Synchronous"
  },

  "pdtb3": {
    "EXPANSION:Exception:Arg1-as-except": "EXPANSION:Exception:Arg1-as-excpt",
    "EXPANSION:Exception:Arg2-as-except": "EXPANSION:Exception:Arg2-as-excpt",
    "EXPANSION:Level-of-detail:Arg1-as-detail(Summarization)": "EXPANSION:Level-of-detail:Arg1-as-detail",
    "EXPANSION:Level-of-detail:Arg2-as-detail(Specification)": "EXPANSION:Level-of-detail:Arg2-as-detail",
    "TEMPORAL:Syncrony": "TEMPORAL:Synchronous"
  }
}