{
  "dimlex": {
    "konnadv": "adv",
    "padv": "adv",
    "subj": "csu",
    "einzel": "other",
    "postp": "cco",
    "v2emb": "cco",
    "praep": "prep",
    "apci": "prep",
    "konj": "cco",
    "appo": "prep",
    "coordconj": "cco"
  },
  
  "lexconn": {
    "prep-V-ant": "prep"
  },
  
  "lico": {
    "prepositional": "prep",
    "subordinating": "csu",
    "adverbial": "adv",
    "coodinating": "cco",
    "coordinating": "cco",
    "locuzione congiuntiva": "csu",
    "classe": "other",
    "avverbio": "adv",
    "preposizione": "prep"
  },

  "ptb2": {
    "PP": "prep",
    "IN": "csu",
    "ADVP": "other",
    "INTJ": "other",
    "ADVP-TMP": "adv",
    "CC": "cco",
    "RB": "adv",
    "ADVP-PRD": "adv",
    "VB": "other",
    "PP-TMP": "prep",
    "phrase": "other",
    "ADVP-TMP-2": "adv",
    "ADVP-TMP=2": "adv",
    "JJ": "adv",
    "PP-LOC": "prep",
    "ADVP-MNR": "adv",
    "RBR": "adv",
    "PP-PRP": "prep",
    "PP-CLR": "prep",
    "ADVP-PRP": "adv",
    "UCP": "cco",
    "NN": "other",
    "WHADVP-3": "adv",
    "WHADVP-2": "adv",
    "WHADVP-1": "adv",
    "WHADVP-14": "adv",
    "WHADVP-7": "adv",
    "WHADVP-6": "adv",
    "WHADVP-5": "adv",
    "WHADVP-4": "adv",
    "WHADVP": "adv",
    "WHNP-4": "other",
    "NNP": "other"
  }
}